-- phpMyAdmin SQL Dump
-- version 4.5.1
-- http://www.phpmyadmin.net
--
-- Host: 127.0.0.1
-- Generation Time: Mar 11, 2016 at 11:49 PM
-- Server version: 10.1.8-MariaDB
-- PHP Version: 5.6.14

SET SQL_MODE = "NO_AUTO_VALUE_ON_ZERO";
SET time_zone = "+00:00";


/*!40101 SET @OLD_CHARACTER_SET_CLIENT=@@CHARACTER_SET_CLIENT */;
/*!40101 SET @OLD_CHARACTER_SET_RESULTS=@@CHARACTER_SET_RESULTS */;
/*!40101 SET @OLD_COLLATION_CONNECTION=@@COLLATION_CONNECTION */;
/*!40101 SET NAMES utf8mb4 */;

--
-- Database: `exporade_karani`
--

-- --------------------------------------------------------

--
-- Table structure for table `catalog`
--

CREATE TABLE `catalog` (
  `idCatalog` int(11) NOT NULL,
  `idKategori` int(11) NOT NULL,
  `skuCatalog` varchar(20) NOT NULL,
  `namaCatalog` varchar(100) NOT NULL,
  `detailCatalog` text NOT NULL,
  `materialCatalog` varchar(25) NOT NULL,
  `hargaCatalog` decimal(10,2) NOT NULL,
  `discountCatalog` decimal(10,2) NOT NULL,
  `createdDate` datetime NOT NULL,
  `createdBy` varchar(25) NOT NULL,
  `updatedDate` datetime NOT NULL,
  `updatedBy` varchar(25) NOT NULL,
  `statusCatalog` enum('Published','Not Published') NOT NULL
) ENGINE=InnoDB DEFAULT CHARSET=latin1;

--
-- Dumping data for table `catalog`
--

INSERT INTO `catalog` (`idCatalog`, `idKategori`, `skuCatalog`, `namaCatalog`, `detailCatalog`, `materialCatalog`, `hargaCatalog`, `discountCatalog`, `createdDate`, `createdBy`, `updatedDate`, `updatedBy`, `statusCatalog`) VALUES
(1, 2, '45678', 'Sepatu', 'Sepatu adalah sebuah benda', 'Kulit', '900000.00', '800000.00', '2016-01-11 21:03:50', 'fajrin1243', '2016-03-07 15:28:01', 'exporadev', 'Published');

-- --------------------------------------------------------

--
-- Table structure for table `catalog_attributes`
--

CREATE TABLE `catalog_attributes` (
  `idCAttribute` int(11) NOT NULL,
  `nameCAttributes` varchar(255) NOT NULL,
  `createdDate` datetime NOT NULL,
  `createdBy` varchar(50) NOT NULL,
  `modifiedDate` datetime NOT NULL,
  `modifiedBy` varchar(50) NOT NULL
) ENGINE=InnoDB DEFAULT CHARSET=latin1;

--
-- Dumping data for table `catalog_attributes`
--

INSERT INTO `catalog_attributes` (`idCAttribute`, `nameCAttributes`, `createdDate`, `createdBy`, `modifiedDate`, `modifiedBy`) VALUES
(4, 'Ukuran', '2016-01-12 17:08:42', 'fajrin1243', '2016-01-20 19:58:46', ''),
(6, 'Color', '2016-01-12 19:04:12', 'fajrin1243', '2016-01-12 19:52:09', '');

-- --------------------------------------------------------

--
-- Table structure for table `catalog_attributes_detail`
--

CREATE TABLE `catalog_attributes_detail` (
  `idCAttributesDetail` int(11) NOT NULL,
  `idCAttribute` int(11) NOT NULL,
  `nameCAttributeDetail` varchar(255) NOT NULL,
  `valueCAttributeDetail` varchar(50) NOT NULL,
  `createdDate` datetime NOT NULL,
  `createdBy` varchar(50) NOT NULL,
  `modifiedDate` datetime NOT NULL,
  `modifiedBy` varchar(50) NOT NULL
) ENGINE=InnoDB DEFAULT CHARSET=latin1;

--
-- Dumping data for table `catalog_attributes_detail`
--

INSERT INTO `catalog_attributes_detail` (`idCAttributesDetail`, `idCAttribute`, `nameCAttributeDetail`, `valueCAttributeDetail`, `createdDate`, `createdBy`, `modifiedDate`, `modifiedBy`) VALUES
(11, 4, 'XS', '', '2016-01-20 19:58:46', 'fajrin1243', '0000-00-00 00:00:00', ''),
(12, 4, 'L', '', '2016-01-20 19:58:46', 'fajrin1243', '0000-00-00 00:00:00', ''),
(13, 4, 'M', '', '2016-01-20 19:58:46', 'fajrin1243', '0000-00-00 00:00:00', ''),
(14, 4, 'XL', '', '2016-01-20 19:58:46', 'fajrin1243', '0000-00-00 00:00:00', ''),
(15, 4, 'XXL', '', '2016-01-20 19:58:46', 'fajrin1243', '0000-00-00 00:00:00', ''),
(16, 6, 'Putih', '#ffffff', '2016-01-12 19:52:10', 'fajrin1243', '0000-00-00 00:00:00', ''),
(17, 6, 'Biru Hijau', '#1abc9c', '2016-01-12 19:52:10', 'fajrin1243', '0000-00-00 00:00:00', ''),
(18, 4, 'ML', '', '2016-01-20 19:58:46', 'fajrin1243', '0000-00-00 00:00:00', '');

-- --------------------------------------------------------

--
-- Table structure for table `catalog_category`
--

CREATE TABLE `catalog_category` (
  `idCategory` int(11) NOT NULL,
  `idModule` int(11) NOT NULL,
  `kodeInduk` int(11) NOT NULL,
  `idMenu` int(11) NOT NULL,
  `namaCategory` varchar(150) NOT NULL,
  `ketCategory` text NOT NULL,
  `orderCategory` int(11) NOT NULL,
  `statusCategory` char(1) NOT NULL,
  `createdBy` varchar(30) NOT NULL,
  `createdTime` datetime NOT NULL,
  `updatedBy` varchar(30) NOT NULL,
  `updatedTime` datetime NOT NULL
) ENGINE=MyISAM DEFAULT CHARSET=latin1;

--
-- Dumping data for table `catalog_category`
--

INSERT INTO `catalog_category` (`idCategory`, `idModule`, `kodeInduk`, `idMenu`, `namaCategory`, `ketCategory`, `orderCategory`, `statusCategory`, `createdBy`, `createdTime`, `updatedBy`, `updatedTime`) VALUES
(1, 0, 0, 0, 'Pashmina', 'Ini pashmina', 1, '1', 'exporadev', '2016-03-03 17:47:23', 'exporadev', '2016-03-04 02:13:26'),
(2, 0, 0, 0, 'Sepatu', 'Ini sepatu', 1, '1', 'exporadev', '2016-03-07 15:15:40', '', '0000-00-00 00:00:00');

-- --------------------------------------------------------

--
-- Table structure for table `catalog_comment`
--

CREATE TABLE `catalog_comment` (
  `idCComment` int(11) NOT NULL,
  `usernameMember` varchar(16) NOT NULL,
  `idCatalog` int(11) NOT NULL,
  `isiCComment` text NOT NULL,
  `rateCComment` int(11) NOT NULL,
  `createdDate` datetime NOT NULL,
  `typeCComent` enum('Blog','Produk') NOT NULL,
  `statusCComent` enum('Published','Not Published') NOT NULL
) ENGINE=InnoDB DEFAULT CHARSET=latin1;

-- --------------------------------------------------------

--
-- Table structure for table `catalog_detail_stock`
--

CREATE TABLE `catalog_detail_stock` (
  `idStock` int(11) NOT NULL,
  `idCatalog` int(11) NOT NULL,
  `idSize` int(11) NOT NULL,
  `lengthStock` int(11) NOT NULL,
  `widthStock` int(11) NOT NULL,
  `idWarna` int(11) NOT NULL,
  `jumlahStock` int(11) NOT NULL,
  `createdDate` datetime NOT NULL,
  `createdBy` varchar(25) NOT NULL,
  `updatedDate` datetime NOT NULL,
  `updatedBy` varchar(25) NOT NULL
) ENGINE=InnoDB DEFAULT CHARSET=latin1;

--
-- Dumping data for table `catalog_detail_stock`
--

INSERT INTO `catalog_detail_stock` (`idStock`, `idCatalog`, `idSize`, `lengthStock`, `widthStock`, `idWarna`, `jumlahStock`, `createdDate`, `createdBy`, `updatedDate`, `updatedBy`) VALUES
(1, 1, 13, 15, 25, 16, 50, '2016-01-12 23:54:32', 'fajrin1243', '2016-03-03 01:02:42', ''),
(2, 1, 12, 25, 25, 16, 10, '2016-01-12 23:57:40', 'fajrin1243', '2016-01-15 07:50:55', 'fajrin1243'),
(3, 1, 12, 25, 25, 17, 15, '2016-01-12 23:57:40', 'fajrin1243', '0000-00-00 00:00:00', '');

-- --------------------------------------------------------

--
-- Table structure for table `catalog_galeri`
--

CREATE TABLE `catalog_galeri` (
  `idCGaleri` int(11) NOT NULL,
  `idCatalog` int(11) NOT NULL,
  `judulCGaleri` varchar(50) NOT NULL,
  `fotoCGaleri` varchar(100) NOT NULL,
  `detailCGaleri` varchar(255) NOT NULL,
  `createdDate` datetime NOT NULL,
  `createdBy` varchar(25) NOT NULL,
  `updatedDate` datetime NOT NULL,
  `updatedBy` varchar(25) NOT NULL,
  `statusCGaleri` int(11) NOT NULL
) ENGINE=InnoDB DEFAULT CHARSET=latin1;

--
-- Dumping data for table `catalog_galeri`
--

INSERT INTO `catalog_galeri` (`idCGaleri`, `idCatalog`, `judulCGaleri`, `fotoCGaleri`, `detailCGaleri`, `createdDate`, `createdBy`, `updatedDate`, `updatedBy`, `statusCGaleri`) VALUES
(1, 1, '', 'f8924756184d4339483f388e576594ea.png', '', '2016-03-07 15:04:54', 'exporadev', '0000-00-00 00:00:00', '', 0);

-- --------------------------------------------------------

--
-- Table structure for table `catalog_voucher`
--

CREATE TABLE `catalog_voucher` (
  `idCVoucher` int(11) NOT NULL,
  `idCatalog` int(11) NOT NULL,
  `kodeCVoucher` char(8) NOT NULL,
  `judulCVoucher` varchar(50) NOT NULL,
  `nominalCVoucher` decimal(10,2) NOT NULL,
  `startDate` datetime NOT NULL,
  `expiredDate` datetime NOT NULL,
  `createdDate` datetime NOT NULL,
  `createdBy` varchar(25) NOT NULL,
  `updatedDate` datetime NOT NULL,
  `updatedBy` varchar(25) NOT NULL
) ENGINE=InnoDB DEFAULT CHARSET=latin1;

-- --------------------------------------------------------

--
-- Table structure for table `crontab_status`
--

CREATE TABLE `crontab_status` (
  `idCrontab` int(11) NOT NULL,
  `namaCrontab` varchar(50) NOT NULL,
  `statusCrontab` int(11) NOT NULL,
  `updateTime` datetime NOT NULL
) ENGINE=InnoDB DEFAULT CHARSET=latin1;

-- --------------------------------------------------------

--
-- Table structure for table `master_data`
--

CREATE TABLE `master_data` (
  `idData` int(11) NOT NULL,
  `kodeInduk` int(11) NOT NULL,
  `kodeCategory` varchar(4) NOT NULL,
  `namaData` varchar(50) NOT NULL,
  `keteranganData` varchar(255) NOT NULL,
  `orderData` int(11) NOT NULL,
  `statusData` char(1) NOT NULL,
  `createdBy` varchar(30) NOT NULL,
  `createdTime` datetime NOT NULL,
  `updatedBy` varchar(30) NOT NULL,
  `updatedTime` datetime NOT NULL
) ENGINE=InnoDB DEFAULT CHARSET=latin1;

--
-- Dumping data for table `master_data`
--

INSERT INTO `master_data` (`idData`, `kodeInduk`, `kodeCategory`, `namaData`, `keteranganData`, `orderData`, `statusData`, `createdBy`, `createdTime`, `updatedBy`, `updatedTime`) VALUES
(1, 0, 'M01', 'Nanggroe Aceh Darussalam', '', 0, 'y', '0', '0000-00-00 00:00:00', '0', '0000-00-00 00:00:00'),
(2, 0, 'M01', 'Sumatera Utara', '', 0, 'y', '0', '0000-00-00 00:00:00', '0', '0000-00-00 00:00:00'),
(3, 0, 'M01', 'Sumatera Barat', '', 0, 'y', '0', '0000-00-00 00:00:00', '0', '0000-00-00 00:00:00'),
(4, 0, 'M01', 'Riau', '', 0, 'y', '0', '0000-00-00 00:00:00', '0', '0000-00-00 00:00:00'),
(5, 0, 'M01', 'Kepulauan Riau', '', 0, 'y', '0', '0000-00-00 00:00:00', '0', '0000-00-00 00:00:00'),
(6, 0, 'M01', 'Kepulauan Bangka-Belitung', '', 0, 'y', '0', '0000-00-00 00:00:00', '0', '0000-00-00 00:00:00'),
(7, 0, 'M01', 'Jambi', '', 0, 'y', '0', '0000-00-00 00:00:00', '0', '0000-00-00 00:00:00'),
(8, 0, 'M01', 'Bengkulu', '', 0, 'y', '0', '0000-00-00 00:00:00', '0', '0000-00-00 00:00:00'),
(9, 0, 'M01', 'Sumatera Selatan', '', 0, 'y', '0', '0000-00-00 00:00:00', '0', '0000-00-00 00:00:00'),
(10, 0, 'M01', 'Lampung', '', 0, 'y', '0', '0000-00-00 00:00:00', '0', '0000-00-00 00:00:00'),
(11, 0, 'M01', 'Banten', '', 0, 'y', '0', '0000-00-00 00:00:00', '0', '0000-00-00 00:00:00'),
(12, 0, 'M01', 'DKI Jakarta', '', 0, 'y', '0', '0000-00-00 00:00:00', '0', '0000-00-00 00:00:00'),
(13, 0, 'M01', 'Jawa Barat', '', 0, 'y', '0', '0000-00-00 00:00:00', '0', '0000-00-00 00:00:00'),
(14, 0, 'M01', 'Jawa Tengah', '', 0, 'y', '0', '0000-00-00 00:00:00', '0', '0000-00-00 00:00:00'),
(15, 0, 'M01', 'Daerah Istimewa Yogyakarta  ', '', 0, 'y', '0', '0000-00-00 00:00:00', '0', '0000-00-00 00:00:00'),
(16, 0, 'M01', 'Jawa Timur', '', 0, 'y', '0', '0000-00-00 00:00:00', '0', '0000-00-00 00:00:00'),
(17, 0, 'M01', 'Bali', '', 0, 'y', '0', '0000-00-00 00:00:00', '0', '0000-00-00 00:00:00'),
(18, 0, 'M01', 'Nusa Tenggara Barat', '', 0, 'y', '0', '0000-00-00 00:00:00', '0', '0000-00-00 00:00:00'),
(19, 0, 'M01', 'Nusa Tenggara Timur', '', 0, 'y', '0', '0000-00-00 00:00:00', '0', '0000-00-00 00:00:00'),
(20, 0, 'M01', 'Kalimantan Barat', '', 0, 'y', '0', '0000-00-00 00:00:00', '0', '0000-00-00 00:00:00'),
(21, 0, 'M01', 'Kalimantan Tengah', '', 0, 'y', '0', '0000-00-00 00:00:00', '0', '0000-00-00 00:00:00'),
(22, 0, 'M01', 'Kalimantan Selatan', '', 0, 'y', '0', '0000-00-00 00:00:00', '0', '0000-00-00 00:00:00'),
(23, 0, 'M01', 'Kalimantan Timur', '', 0, 'y', '0', '0000-00-00 00:00:00', '0', '0000-00-00 00:00:00'),
(24, 0, 'M01', 'Gorontalo', '', 0, 'y', '0', '0000-00-00 00:00:00', '0', '0000-00-00 00:00:00'),
(25, 0, 'M01', 'Sulawesi Selatan', '', 0, 'y', '0', '0000-00-00 00:00:00', '0', '0000-00-00 00:00:00'),
(26, 0, 'M01', 'Sulawesi Tenggara', '', 0, 'y', '0', '0000-00-00 00:00:00', '0', '0000-00-00 00:00:00'),
(27, 0, 'M01', 'Sulawesi Tengah', '', 0, 'y', '0', '0000-00-00 00:00:00', '0', '0000-00-00 00:00:00'),
(28, 0, 'M01', 'Sulawesi Utara', '', 0, 'y', '0', '0000-00-00 00:00:00', '0', '0000-00-00 00:00:00'),
(29, 0, 'M01', 'Sulawesi Barat', '', 0, 'y', '0', '0000-00-00 00:00:00', '0', '0000-00-00 00:00:00'),
(30, 0, 'M01', 'Maluku', '', 0, 'y', '0', '0000-00-00 00:00:00', '0', '0000-00-00 00:00:00'),
(31, 0, 'M01', 'Maluku Utara', '', 0, 'y', '0', '0000-00-00 00:00:00', '0', '0000-00-00 00:00:00'),
(32, 0, 'M01', 'Papua Barat', '', 0, 'y', '0', '0000-00-00 00:00:00', '0', '0000-00-00 00:00:00'),
(33, 0, 'M01', 'Papua', '', 0, 'y', '0', '0000-00-00 00:00:00', '0', '0000-00-00 00:00:00'),
(34, 0, 'M01', 'Kalimantan Utara', '', 0, 'y', '0', '0000-00-00 00:00:00', '0', '0000-00-00 00:00:00'),
(35, 1, 'M02', 'Kabupaten Aceh Barat', '', 0, 'y', '0', '0000-00-00 00:00:00', '0', '0000-00-00 00:00:00'),
(36, 1, 'M02', 'Kabupaten Aceh Barat Daya', '', 0, 'y', '0', '0000-00-00 00:00:00', '0', '0000-00-00 00:00:00'),
(37, 1, 'M02', 'Kabupaten Aceh Besar', '', 0, 'y', '0', '0000-00-00 00:00:00', '0', '0000-00-00 00:00:00'),
(38, 1, 'M02', 'Kabupaten Aceh Jaya', '', 0, 'y', '0', '0000-00-00 00:00:00', '0', '0000-00-00 00:00:00'),
(39, 1, 'M02', 'Kabupaten Aceh Selatan', '', 0, 'y', '0', '0000-00-00 00:00:00', '0', '0000-00-00 00:00:00'),
(40, 1, 'M02', 'Kabupaten Aceh Singkil', '', 0, 'y', '0', '0000-00-00 00:00:00', '0', '0000-00-00 00:00:00'),
(41, 1, 'M02', 'Kabupaten Aceh Tamiang', '', 0, 'y', '0', '0000-00-00 00:00:00', '0', '0000-00-00 00:00:00'),
(42, 1, 'M02', 'Kabupaten Aceh Tengah', '', 0, 'y', '0', '0000-00-00 00:00:00', '0', '0000-00-00 00:00:00'),
(43, 1, 'M02', 'Kabupaten Aceh Tenggara', '', 0, 'y', '0', '0000-00-00 00:00:00', '0', '0000-00-00 00:00:00'),
(44, 1, 'M02', 'Kabupaten Aceh Timur', '', 0, 'y', '0', '0000-00-00 00:00:00', '0', '0000-00-00 00:00:00'),
(45, 1, 'M02', 'Kabupaten Aceh Utara', '', 0, 'y', '0', '0000-00-00 00:00:00', '0', '0000-00-00 00:00:00'),
(46, 1, 'M02', 'Kabupaten Bener Meriah', '', 0, 'y', '0', '0000-00-00 00:00:00', '0', '0000-00-00 00:00:00'),
(47, 1, 'M02', 'Kabupaten Bireuen', '', 0, 'y', '0', '0000-00-00 00:00:00', '0', '0000-00-00 00:00:00'),
(48, 1, 'M02', 'Kabupaten Gayo Luwes', '', 0, 'y', '0', '0000-00-00 00:00:00', '0', '0000-00-00 00:00:00'),
(49, 1, 'M02', 'Kabupaten Nagan Raya', '', 0, 'y', '0', '0000-00-00 00:00:00', '0', '0000-00-00 00:00:00'),
(50, 1, 'M02', 'Kabupaten Pidie', '', 0, 'y', '0', '0000-00-00 00:00:00', '0', '0000-00-00 00:00:00'),
(51, 1, 'M02', 'Kabupaten Pidie Jaya', '', 0, 'y', '0', '0000-00-00 00:00:00', '0', '0000-00-00 00:00:00'),
(52, 1, 'M02', 'Kabupaten Simeulue', '', 0, 'y', '0', '0000-00-00 00:00:00', '0', '0000-00-00 00:00:00'),
(53, 1, 'M02', 'Kota Banda Aceh', '', 0, 'y', '0', '0000-00-00 00:00:00', '0', '0000-00-00 00:00:00'),
(54, 1, 'M02', 'Kota Langsa', '', 0, 'y', '0', '0000-00-00 00:00:00', '0', '0000-00-00 00:00:00'),
(55, 1, 'M02', 'Kota Lhokseumawe', '', 0, 'y', '0', '0000-00-00 00:00:00', '0', '0000-00-00 00:00:00'),
(56, 1, 'M02', 'Kota Sabang', '', 0, 'y', '0', '0000-00-00 00:00:00', '0', '0000-00-00 00:00:00'),
(57, 1, 'M02', 'Kota Subulussalam', '', 0, 'y', '0', '0000-00-00 00:00:00', '0', '0000-00-00 00:00:00'),
(58, 2, 'M02', 'Kabupaten Asahan', '', 0, 'y', '0', '0000-00-00 00:00:00', '0', '0000-00-00 00:00:00'),
(59, 2, 'M02', 'Kabupaten Batubara', '', 0, 'y', '0', '0000-00-00 00:00:00', '0', '0000-00-00 00:00:00'),
(60, 2, 'M02', 'Kabupaten Dairi', '', 0, 'y', '0', '0000-00-00 00:00:00', '0', '0000-00-00 00:00:00'),
(61, 2, 'M02', 'Kabupaten Deli Serdang', '', 0, 'y', '0', '0000-00-00 00:00:00', '0', '0000-00-00 00:00:00'),
(62, 2, 'M02', 'Kabupaten Humbang Hasundutan', '', 0, 'y', '0', '0000-00-00 00:00:00', '0', '0000-00-00 00:00:00'),
(63, 2, 'M02', 'Kabupaten Karo', '', 0, 'y', '0', '0000-00-00 00:00:00', '0', '0000-00-00 00:00:00'),
(64, 2, 'M02', 'Kabupaten Labuhan Batu', '', 0, 'y', '0', '0000-00-00 00:00:00', '0', '0000-00-00 00:00:00'),
(65, 2, 'M02', 'Kabupaten Labuhanbatu Selatan', '', 0, 'y', '0', '0000-00-00 00:00:00', '0', '0000-00-00 00:00:00'),
(66, 2, 'M02', 'Kabupaten Labuhanbatu Utara', '', 0, 'y', '0', '0000-00-00 00:00:00', '0', '0000-00-00 00:00:00'),
(67, 2, 'M02', 'Kabupaten Langkat', '', 0, 'y', '0', '0000-00-00 00:00:00', '0', '0000-00-00 00:00:00'),
(68, 2, 'M02', 'Kabupaten Mandailing Natal', '', 0, 'y', '0', '0000-00-00 00:00:00', '0', '0000-00-00 00:00:00'),
(69, 2, 'M02', 'Kabupaten Nias', '', 0, 'y', '0', '0000-00-00 00:00:00', '0', '0000-00-00 00:00:00'),
(70, 2, 'M02', 'Kabupaten Nias Barat', '', 0, 'y', '0', '0000-00-00 00:00:00', '0', '0000-00-00 00:00:00'),
(71, 2, 'M02', 'Kabupaten Nias Selatan', '', 0, 'y', '0', '0000-00-00 00:00:00', '0', '0000-00-00 00:00:00'),
(72, 2, 'M02', 'Kabupaten Nias Utara', '', 0, 'y', '0', '0000-00-00 00:00:00', '0', '0000-00-00 00:00:00'),
(73, 2, 'M02', 'Kabupaten Padang Lawas', '', 0, 'y', '0', '0000-00-00 00:00:00', '0', '0000-00-00 00:00:00'),
(74, 2, 'M02', 'Kabupaten Padang Lawas Utara', '', 0, 'y', '0', '0000-00-00 00:00:00', '0', '0000-00-00 00:00:00'),
(75, 2, 'M02', 'Kabupaten Pakpak Barat', '', 0, 'y', '0', '0000-00-00 00:00:00', '0', '0000-00-00 00:00:00'),
(76, 2, 'M02', 'Kabupaten Samosir', '', 0, 'y', '0', '0000-00-00 00:00:00', '0', '0000-00-00 00:00:00'),
(77, 2, 'M02', 'Kabupaten Serdang Bedagai', '', 0, 'y', '0', '0000-00-00 00:00:00', '0', '0000-00-00 00:00:00'),
(78, 2, 'M02', 'Kabupaten Simalungun', '', 0, 'y', '0', '0000-00-00 00:00:00', '0', '0000-00-00 00:00:00'),
(79, 2, 'M02', 'Kabupaten Tapanuli Selatan', '', 0, 'y', '0', '0000-00-00 00:00:00', '0', '0000-00-00 00:00:00'),
(80, 2, 'M02', 'Kabupaten Tapanuli Tengah', '', 0, 'y', '0', '0000-00-00 00:00:00', '0', '0000-00-00 00:00:00'),
(81, 2, 'M02', 'Kabupaten Tapanuli Utara', '', 0, 'y', '0', '0000-00-00 00:00:00', '0', '0000-00-00 00:00:00'),
(82, 2, 'M02', 'Kabupaten Toba Samosir', '', 0, 'y', '0', '0000-00-00 00:00:00', '0', '0000-00-00 00:00:00'),
(83, 2, 'M02', 'Kota Binjai', '', 0, 'y', '0', '0000-00-00 00:00:00', '0', '0000-00-00 00:00:00'),
(84, 2, 'M02', 'Kota Gunung Sitoli', '', 0, 'y', '0', '0000-00-00 00:00:00', '0', '0000-00-00 00:00:00'),
(85, 2, 'M02', 'Kota Medan', '', 0, 'y', '0', '0000-00-00 00:00:00', '0', '0000-00-00 00:00:00'),
(86, 2, 'M02', 'Kota Padangsidempuan', '', 0, 'y', '0', '0000-00-00 00:00:00', '0', '0000-00-00 00:00:00'),
(87, 2, 'M02', 'Kota Pematang Siantar', '', 0, 'y', '0', '0000-00-00 00:00:00', '0', '0000-00-00 00:00:00'),
(88, 2, 'M02', 'Kota Sibolga', '', 0, 'y', '0', '0000-00-00 00:00:00', '0', '0000-00-00 00:00:00'),
(89, 2, 'M02', 'Kota Tanjung Balai', '', 0, 'y', '0', '0000-00-00 00:00:00', '0', '0000-00-00 00:00:00'),
(90, 2, 'M02', 'Kota Tebing Tinggi', '', 0, 'y', '0', '0000-00-00 00:00:00', '0', '0000-00-00 00:00:00'),
(91, 3, 'M02', 'Kabupaten Agam', '', 0, 'y', '0', '0000-00-00 00:00:00', '0', '0000-00-00 00:00:00'),
(92, 3, 'M02', 'Kabupaten Dharmas Raya', '', 0, 'y', '0', '0000-00-00 00:00:00', '0', '0000-00-00 00:00:00'),
(93, 3, 'M02', 'Kabupaten Kepulauan Mentawai', '', 0, 'y', '0', '0000-00-00 00:00:00', '0', '0000-00-00 00:00:00'),
(94, 3, 'M02', 'Kabupaten Lima Puluh Kota', '', 0, 'y', '0', '0000-00-00 00:00:00', '0', '0000-00-00 00:00:00'),
(95, 3, 'M02', 'Kabupaten Padang Pariaman', '', 0, 'y', '0', '0000-00-00 00:00:00', '0', '0000-00-00 00:00:00'),
(96, 3, 'M02', 'Kabupaten Pasaman', '', 0, 'y', '0', '0000-00-00 00:00:00', '0', '0000-00-00 00:00:00'),
(97, 3, 'M02', 'Kabupaten Pasaman Barat', '', 0, 'y', '0', '0000-00-00 00:00:00', '0', '0000-00-00 00:00:00'),
(98, 3, 'M02', 'Kabupaten Pesisir Selatan', '', 0, 'y', '0', '0000-00-00 00:00:00', '0', '0000-00-00 00:00:00'),
(99, 3, 'M02', 'Kabupaten Sijunjung', '', 0, 'y', '0', '0000-00-00 00:00:00', '0', '0000-00-00 00:00:00'),
(100, 3, 'M02', 'Kabupaten Solok', '', 0, 'y', '0', '0000-00-00 00:00:00', '0', '0000-00-00 00:00:00'),
(101, 3, 'M02', 'Kabupaten Solok Selatan', '', 0, 'y', '0', '0000-00-00 00:00:00', '0', '0000-00-00 00:00:00'),
(102, 3, 'M02', 'Kabupaten Tanah Datar', '', 0, 'y', '0', '0000-00-00 00:00:00', '0', '0000-00-00 00:00:00'),
(103, 3, 'M02', 'Kota Bukittinggi', '', 0, 'y', '0', '0000-00-00 00:00:00', '0', '0000-00-00 00:00:00'),
(104, 3, 'M02', 'Kota Padang', '', 0, 'y', '0', '0000-00-00 00:00:00', '0', '0000-00-00 00:00:00'),
(105, 3, 'M02', 'Kota Padang Panjang', '', 0, 'y', '0', '0000-00-00 00:00:00', '0', '0000-00-00 00:00:00'),
(106, 3, 'M02', 'Kota Pariaman', '', 0, 'y', '0', '0000-00-00 00:00:00', '0', '0000-00-00 00:00:00'),
(107, 3, 'M02', 'Kota Payakumbuh', '', 0, 'y', '0', '0000-00-00 00:00:00', '0', '0000-00-00 00:00:00'),
(108, 3, 'M02', 'Kota Sawah Lunto', '', 0, 'y', '0', '0000-00-00 00:00:00', '0', '0000-00-00 00:00:00'),
(109, 3, 'M02', 'Kota Solok', '', 0, 'y', '0', '0000-00-00 00:00:00', '0', '0000-00-00 00:00:00'),
(110, 4, 'M02', 'Kabupaten Bengkalis', '', 0, 'y', '0', '0000-00-00 00:00:00', '0', '0000-00-00 00:00:00'),
(111, 4, 'M02', 'Kabupaten Indragiri Hilir', '', 0, 'y', '0', '0000-00-00 00:00:00', '0', '0000-00-00 00:00:00'),
(112, 4, 'M02', 'Kabupaten Indragiri Hulu', '', 0, 'y', '0', '0000-00-00 00:00:00', '0', '0000-00-00 00:00:00'),
(113, 4, 'M02', 'Kabupaten Kampar', '', 0, 'y', '0', '0000-00-00 00:00:00', '0', '0000-00-00 00:00:00'),
(114, 4, 'M02', 'Kabupaten Kuantan Singingi', '', 0, 'y', '0', '0000-00-00 00:00:00', '0', '0000-00-00 00:00:00'),
(115, 4, 'M02', 'Kabupaten Meranti', '', 0, 'y', '0', '0000-00-00 00:00:00', '0', '0000-00-00 00:00:00'),
(116, 4, 'M02', 'Kabupaten Pelalawan', '', 0, 'y', '0', '0000-00-00 00:00:00', '0', '0000-00-00 00:00:00'),
(117, 4, 'M02', 'Kabupaten Rokan Hilir', '', 0, 'y', '0', '0000-00-00 00:00:00', '0', '0000-00-00 00:00:00'),
(118, 4, 'M02', 'Kabupaten Rokan Hulu', '', 0, 'y', '0', '0000-00-00 00:00:00', '0', '0000-00-00 00:00:00'),
(119, 4, 'M02', 'Kabupaten Siak', '', 0, 'y', '0', '0000-00-00 00:00:00', '0', '0000-00-00 00:00:00'),
(120, 4, 'M02', 'Kota Dumai', '', 0, 'y', '0', '0000-00-00 00:00:00', '0', '0000-00-00 00:00:00'),
(121, 4, 'M02', 'Kota Pekanbaru', '', 0, 'y', '0', '0000-00-00 00:00:00', '0', '0000-00-00 00:00:00'),
(122, 5, 'M02', 'Kabupaten Bintan', '', 0, 'y', '0', '0000-00-00 00:00:00', '0', '0000-00-00 00:00:00'),
(123, 5, 'M02', 'Kabupaten Karimun', '', 0, 'y', '0', '0000-00-00 00:00:00', '0', '0000-00-00 00:00:00'),
(124, 5, 'M02', 'Kabupaten Kepulauan Anambas', '', 0, 'y', '0', '0000-00-00 00:00:00', '0', '0000-00-00 00:00:00'),
(125, 5, 'M02', 'Kabupaten Lingga', '', 0, 'y', '0', '0000-00-00 00:00:00', '0', '0000-00-00 00:00:00'),
(126, 5, 'M02', 'Kabupaten Natuna', '', 0, 'y', '0', '0000-00-00 00:00:00', '0', '0000-00-00 00:00:00'),
(127, 5, 'M02', 'Kota Batam', '', 0, 'y', '0', '0000-00-00 00:00:00', '0', '0000-00-00 00:00:00'),
(128, 5, 'M02', 'Kota Tanjung Pinang', '', 0, 'y', '0', '0000-00-00 00:00:00', '0', '0000-00-00 00:00:00'),
(129, 6, 'M02', 'Kabupaten Bangka', '', 0, 'y', '0', '0000-00-00 00:00:00', '0', '0000-00-00 00:00:00'),
(130, 6, 'M02', 'Kabupaten Bangka Barat', '', 0, 'y', '0', '0000-00-00 00:00:00', '0', '0000-00-00 00:00:00'),
(131, 6, 'M02', 'Kabupaten Bangka Selatan', '', 0, 'y', '0', '0000-00-00 00:00:00', '0', '0000-00-00 00:00:00'),
(132, 6, 'M02', 'Kabupaten Bangka Tengah', '', 0, 'y', '0', '0000-00-00 00:00:00', '0', '0000-00-00 00:00:00'),
(133, 6, 'M02', 'Kabupaten Belitung', '', 0, 'y', '0', '0000-00-00 00:00:00', '0', '0000-00-00 00:00:00'),
(134, 6, 'M02', 'Kabupaten Belitung Timur', '', 0, 'y', '0', '0000-00-00 00:00:00', '0', '0000-00-00 00:00:00'),
(135, 6, 'M02', 'Kota Pangkal Pinang', '', 0, 'y', '0', '0000-00-00 00:00:00', '0', '0000-00-00 00:00:00'),
(136, 7, 'M02', 'Kabupaten Kerinci', '', 0, 'y', '0', '0000-00-00 00:00:00', '0', '0000-00-00 00:00:00'),
(137, 7, 'M02', 'Kabupaten Merangin', '', 0, 'y', '0', '0000-00-00 00:00:00', '0', '0000-00-00 00:00:00'),
(138, 7, 'M02', 'Kabupaten Sarolangun', '', 0, 'y', '0', '0000-00-00 00:00:00', '0', '0000-00-00 00:00:00'),
(139, 7, 'M02', 'Kabupaten Batang Hari', '', 0, 'y', '0', '0000-00-00 00:00:00', '0', '0000-00-00 00:00:00'),
(140, 7, 'M02', 'Kabupaten Muaro Jambi', '', 0, 'y', '0', '0000-00-00 00:00:00', '0', '0000-00-00 00:00:00'),
(141, 7, 'M02', 'Kabupaten Tanjung Jabung Timur', '', 0, 'y', '0', '0000-00-00 00:00:00', '0', '0000-00-00 00:00:00'),
(142, 7, 'M02', 'Kabupaten Tanjung Jabung Barat', '', 0, 'y', '0', '0000-00-00 00:00:00', '0', '0000-00-00 00:00:00'),
(143, 7, 'M02', 'Kabupaten Tebo', '', 0, 'y', '0', '0000-00-00 00:00:00', '0', '0000-00-00 00:00:00'),
(144, 7, 'M02', 'Kabupaten Bungo', '', 0, 'y', '0', '0000-00-00 00:00:00', '0', '0000-00-00 00:00:00'),
(145, 7, 'M02', 'Kota Jambi', '', 0, 'y', '0', '0000-00-00 00:00:00', '0', '0000-00-00 00:00:00'),
(146, 7, 'M02', 'Kota Sungai Penuh', '', 0, 'y', '0', '0000-00-00 00:00:00', '0', '0000-00-00 00:00:00'),
(147, 8, 'M02', 'Kabupaten Bengkulu Selatan', '', 0, 'y', '0', '0000-00-00 00:00:00', '0', '0000-00-00 00:00:00'),
(148, 8, 'M02', 'Kabupaten Bengkulu Tengah', '', 0, 'y', '0', '0000-00-00 00:00:00', '0', '0000-00-00 00:00:00'),
(149, 8, 'M02', 'Kabupaten Bengkulu Utara', '', 0, 'y', '0', '0000-00-00 00:00:00', '0', '0000-00-00 00:00:00'),
(150, 8, 'M02', 'Kabupaten Kaur', '', 0, 'y', '0', '0000-00-00 00:00:00', '0', '0000-00-00 00:00:00'),
(151, 8, 'M02', 'Kabupaten Kepahiang', '', 0, 'y', '0', '0000-00-00 00:00:00', '0', '0000-00-00 00:00:00'),
(152, 8, 'M02', 'Kabupaten Lebong', '', 0, 'y', '0', '0000-00-00 00:00:00', '0', '0000-00-00 00:00:00'),
(153, 8, 'M02', 'Kabupaten Mukomuko', '', 0, 'y', '0', '0000-00-00 00:00:00', '0', '0000-00-00 00:00:00'),
(154, 8, 'M02', 'Kabupaten Rejang Lebong', '', 0, 'y', '0', '0000-00-00 00:00:00', '0', '0000-00-00 00:00:00'),
(155, 8, 'M02', 'Kabupaten Seluma', '', 0, 'y', '0', '0000-00-00 00:00:00', '0', '0000-00-00 00:00:00'),
(156, 8, 'M02', 'Kota Bengkulu', '', 0, 'y', '0', '0000-00-00 00:00:00', '0', '0000-00-00 00:00:00'),
(157, 9, 'M02', 'Kabupaten Banyuasin', '', 0, 'y', '0', '0000-00-00 00:00:00', '0', '0000-00-00 00:00:00'),
(158, 9, 'M02', 'Kabupaten Empat Lawang', '', 0, 'y', '0', '0000-00-00 00:00:00', '0', '0000-00-00 00:00:00'),
(159, 9, 'M02', 'Kabupaten Lahat', '', 0, 'y', '0', '0000-00-00 00:00:00', '0', '0000-00-00 00:00:00'),
(160, 9, 'M02', 'Kabupaten Muara Enim', '', 0, 'y', '0', '0000-00-00 00:00:00', '0', '0000-00-00 00:00:00'),
(161, 9, 'M02', 'Kabupaten Musi Banyu Asin', '', 0, 'y', '0', '0000-00-00 00:00:00', '0', '0000-00-00 00:00:00'),
(162, 9, 'M02', 'Kabupaten Musi Rawas', '', 0, 'y', '0', '0000-00-00 00:00:00', '0', '0000-00-00 00:00:00'),
(163, 9, 'M02', 'Kabupaten Ogan Ilir', '', 0, 'y', '0', '0000-00-00 00:00:00', '0', '0000-00-00 00:00:00'),
(164, 9, 'M02', 'Kabupaten Ogan Komering Ilir', '', 0, 'y', '0', '0000-00-00 00:00:00', '0', '0000-00-00 00:00:00'),
(165, 9, 'M02', 'Kabupaten Ogan Komering Ulu', '', 0, 'y', '0', '0000-00-00 00:00:00', '0', '0000-00-00 00:00:00'),
(166, 9, 'M02', 'Kabupaten Ogan Komering Ulu Se', '', 0, 'y', '0', '0000-00-00 00:00:00', '0', '0000-00-00 00:00:00'),
(167, 9, 'M02', 'Kabupaten Ogan Komering Ulu Ti', '', 0, 'y', '0', '0000-00-00 00:00:00', '0', '0000-00-00 00:00:00'),
(168, 9, 'M02', 'Kota Lubuklinggau', '', 0, 'y', '0', '0000-00-00 00:00:00', '0', '0000-00-00 00:00:00'),
(169, 9, 'M02', 'Kota Pagar Alam', '', 0, 'y', '0', '0000-00-00 00:00:00', '0', '0000-00-00 00:00:00'),
(170, 9, 'M02', 'Kota Palembang', '', 0, 'y', '0', '0000-00-00 00:00:00', '0', '0000-00-00 00:00:00'),
(171, 9, 'M02', 'Kota Prabumulih', '', 0, 'y', '0', '0000-00-00 00:00:00', '0', '0000-00-00 00:00:00'),
(172, 10, 'M02', 'Kabupaten Lampung Barat', '', 0, 'y', '0', '0000-00-00 00:00:00', '0', '0000-00-00 00:00:00'),
(173, 10, 'M02', 'Kabupaten Lampung Selatan', '', 0, 'y', '0', '0000-00-00 00:00:00', '0', '0000-00-00 00:00:00'),
(174, 10, 'M02', 'Kabupaten Lampung Tengah', '', 0, 'y', '0', '0000-00-00 00:00:00', '0', '0000-00-00 00:00:00'),
(175, 10, 'M02', 'Kabupaten Lampung Timur', '', 0, 'y', '0', '0000-00-00 00:00:00', '0', '0000-00-00 00:00:00'),
(176, 10, 'M02', 'Kabupaten Lampung Utara', '', 0, 'y', '0', '0000-00-00 00:00:00', '0', '0000-00-00 00:00:00'),
(177, 10, 'M02', 'Kabupaten Mesuji', '', 0, 'y', '0', '0000-00-00 00:00:00', '0', '0000-00-00 00:00:00'),
(178, 10, 'M02', 'Kabupaten Pesawaran', '', 0, 'y', '0', '0000-00-00 00:00:00', '0', '0000-00-00 00:00:00'),
(179, 10, 'M02', 'Kabupaten Pringsewu', '', 0, 'y', '0', '0000-00-00 00:00:00', '0', '0000-00-00 00:00:00'),
(180, 10, 'M02', 'Kabupaten Tanggamus', '', 0, 'y', '0', '0000-00-00 00:00:00', '0', '0000-00-00 00:00:00'),
(181, 10, 'M02', 'Kabupaten Tulang Bawang', '', 0, 'y', '0', '0000-00-00 00:00:00', '0', '0000-00-00 00:00:00'),
(182, 10, 'M02', 'Kabupaten Tulang Bawang Barat', '', 0, 'y', '0', '0000-00-00 00:00:00', '0', '0000-00-00 00:00:00'),
(183, 10, 'M02', 'Kabupaten Way Kanan', '', 0, 'y', '0', '0000-00-00 00:00:00', '0', '0000-00-00 00:00:00'),
(184, 10, 'M02', 'Kota Bandar Lampung', '', 0, 'y', '0', '0000-00-00 00:00:00', '0', '0000-00-00 00:00:00'),
(185, 10, 'M02', 'Kota Metro', '', 0, 'y', '0', '0000-00-00 00:00:00', '0', '0000-00-00 00:00:00'),
(186, 11, 'M02', 'Kabupaten Lebak', '', 0, 'y', '0', '0000-00-00 00:00:00', '0', '0000-00-00 00:00:00'),
(187, 11, 'M02', 'Kabupaten Pandeglang', '', 0, 'y', '0', '0000-00-00 00:00:00', '0', '0000-00-00 00:00:00'),
(188, 11, 'M02', 'Kabupaten Serang', '', 0, 'y', '0', '0000-00-00 00:00:00', '0', '0000-00-00 00:00:00'),
(189, 11, 'M02', 'Kabupaten Tangerang', '', 0, 'y', '0', '0000-00-00 00:00:00', '0', '0000-00-00 00:00:00'),
(190, 11, 'M02', 'Kota Cilegon', '', 0, 'y', '0', '0000-00-00 00:00:00', '0', '0000-00-00 00:00:00'),
(191, 11, 'M02', 'Kota Serang', '', 0, 'y', '0', '0000-00-00 00:00:00', '0', '0000-00-00 00:00:00'),
(192, 11, 'M02', 'Kota Tangerang', '', 0, 'y', '0', '0000-00-00 00:00:00', '0', '0000-00-00 00:00:00'),
(193, 11, 'M02', 'Kota Tangerang Selatan', '', 0, 'y', '0', '0000-00-00 00:00:00', '0', '0000-00-00 00:00:00'),
(194, 12, 'M02', 'Kabupaten Adm. Kepulauan Serib', '', 0, 'y', '0', '0000-00-00 00:00:00', '0', '0000-00-00 00:00:00'),
(195, 12, 'M02', 'Kota Jakarta Barat', '', 0, 'y', '0', '0000-00-00 00:00:00', '0', '0000-00-00 00:00:00'),
(196, 12, 'M02', 'Kota Jakarta Pusat', '', 0, 'y', '0', '0000-00-00 00:00:00', '0', '0000-00-00 00:00:00'),
(197, 12, 'M02', 'Kota Jakarta Selatan', '', 0, 'y', '0', '0000-00-00 00:00:00', '0', '0000-00-00 00:00:00'),
(198, 12, 'M02', 'Kota Jakarta Timur', '', 0, 'y', '0', '0000-00-00 00:00:00', '0', '0000-00-00 00:00:00'),
(199, 12, 'M02', 'Kota Jakarta Utara', '', 0, 'y', '0', '0000-00-00 00:00:00', '0', '0000-00-00 00:00:00'),
(200, 13, 'M02', 'Kabupaten Bandung', '', 0, 'y', '0', '0000-00-00 00:00:00', '0', '0000-00-00 00:00:00'),
(201, 13, 'M02', 'Kabupaten Bandung Barat', '', 0, 'y', '0', '0000-00-00 00:00:00', '0', '0000-00-00 00:00:00'),
(202, 13, 'M02', 'Kabupaten Bekasi', '', 0, 'y', '0', '0000-00-00 00:00:00', '0', '0000-00-00 00:00:00'),
(203, 13, 'M02', 'Kabupaten Bogor', '', 0, 'y', '0', '0000-00-00 00:00:00', '0', '0000-00-00 00:00:00'),
(204, 13, 'M02', 'Kabupaten Ciamis', '', 0, 'y', '0', '0000-00-00 00:00:00', '0', '0000-00-00 00:00:00'),
(205, 13, 'M02', 'Kabupaten Cianjur', '', 0, 'y', '0', '0000-00-00 00:00:00', '0', '0000-00-00 00:00:00'),
(206, 13, 'M02', 'Kabupaten Cirebon', '', 0, 'y', '0', '0000-00-00 00:00:00', '0', '0000-00-00 00:00:00'),
(207, 13, 'M02', 'Kabupaten Garut', '', 0, 'y', '0', '0000-00-00 00:00:00', '0', '0000-00-00 00:00:00'),
(208, 13, 'M02', 'Kabupaten Indramayu', '', 0, 'y', '0', '0000-00-00 00:00:00', '0', '0000-00-00 00:00:00'),
(209, 13, 'M02', 'Kabupaten Karawang', '', 0, 'y', '0', '0000-00-00 00:00:00', '0', '0000-00-00 00:00:00'),
(210, 13, 'M02', 'Kabupaten Kuningan', '', 0, 'y', '0', '0000-00-00 00:00:00', '0', '0000-00-00 00:00:00'),
(211, 13, 'M02', 'Kabupaten Majalengka', '', 0, 'y', '0', '0000-00-00 00:00:00', '0', '0000-00-00 00:00:00'),
(212, 13, 'M02', 'Kabupaten Purwakarta', '', 0, 'y', '0', '0000-00-00 00:00:00', '0', '0000-00-00 00:00:00'),
(213, 13, 'M02', 'Kabupaten Subang', '', 0, 'y', '0', '0000-00-00 00:00:00', '0', '0000-00-00 00:00:00'),
(214, 13, 'M02', 'Kabupaten Sukabumi', '', 0, 'y', '0', '0000-00-00 00:00:00', '0', '0000-00-00 00:00:00'),
(215, 13, 'M02', 'Kabupaten Sumedang', '', 0, 'y', '0', '0000-00-00 00:00:00', '0', '0000-00-00 00:00:00'),
(216, 13, 'M02', 'Kabupaten Tasikmalaya', '', 0, 'y', '0', '0000-00-00 00:00:00', '0', '0000-00-00 00:00:00'),
(217, 13, 'M02', 'Kota Bandung', '', 0, 'y', '0', '0000-00-00 00:00:00', '0', '0000-00-00 00:00:00'),
(218, 13, 'M02', 'Kota Banjar', '', 0, 'y', '0', '0000-00-00 00:00:00', '0', '0000-00-00 00:00:00'),
(219, 13, 'M02', 'Kota Bekasi', '', 0, 'y', '0', '0000-00-00 00:00:00', '0', '0000-00-00 00:00:00'),
(220, 13, 'M02', 'Kota Bogor', '', 0, 'y', '0', '0000-00-00 00:00:00', '0', '0000-00-00 00:00:00'),
(221, 13, 'M02', 'Kota Cimahi', '', 0, 'y', '0', '0000-00-00 00:00:00', '0', '0000-00-00 00:00:00'),
(222, 13, 'M02', 'Kota Cirebon', '', 0, 'y', '0', '0000-00-00 00:00:00', '0', '0000-00-00 00:00:00'),
(223, 13, 'M02', 'Kota Depok', '', 0, 'y', '0', '0000-00-00 00:00:00', '0', '0000-00-00 00:00:00'),
(224, 13, 'M02', 'Kota Sukabumi', '', 0, 'y', '0', '0000-00-00 00:00:00', '0', '0000-00-00 00:00:00'),
(225, 13, 'M02', 'Kota Tasikmalaya', '', 0, 'y', '0', '0000-00-00 00:00:00', '0', '0000-00-00 00:00:00'),
(226, 14, 'M02', 'Kabupaten Banjarnegara', '', 0, 'y', '0', '0000-00-00 00:00:00', '0', '0000-00-00 00:00:00'),
(227, 14, 'M02', 'Kabupaten Banyumas', '', 0, 'y', '0', '0000-00-00 00:00:00', '0', '0000-00-00 00:00:00'),
(228, 14, 'M02', 'Kabupaten Batang', '', 0, 'y', '0', '0000-00-00 00:00:00', '0', '0000-00-00 00:00:00'),
(229, 14, 'M02', 'Kabupaten Blora', '', 0, 'y', '0', '0000-00-00 00:00:00', '0', '0000-00-00 00:00:00'),
(230, 14, 'M02', 'Kabupaten Boyolali', '', 0, 'y', '0', '0000-00-00 00:00:00', '0', '0000-00-00 00:00:00'),
(231, 14, 'M02', 'Kabupaten Brebes', '', 0, 'y', '0', '0000-00-00 00:00:00', '0', '0000-00-00 00:00:00'),
(232, 14, 'M02', 'Kabupaten Cilacap', '', 0, 'y', '0', '0000-00-00 00:00:00', '0', '0000-00-00 00:00:00'),
(233, 14, 'M02', 'Kabupaten Demak', '', 0, 'y', '0', '0000-00-00 00:00:00', '0', '0000-00-00 00:00:00'),
(234, 14, 'M02', 'Kabupaten Grobogan', '', 0, 'y', '0', '0000-00-00 00:00:00', '0', '0000-00-00 00:00:00'),
(235, 14, 'M02', 'Kabupaten Jepara', '', 0, 'y', '0', '0000-00-00 00:00:00', '0', '0000-00-00 00:00:00'),
(236, 14, 'M02', 'Kabupaten Karanganyar', '', 0, 'y', '0', '0000-00-00 00:00:00', '0', '0000-00-00 00:00:00'),
(237, 14, 'M02', 'Kabupaten Kebumen', '', 0, 'y', '0', '0000-00-00 00:00:00', '0', '0000-00-00 00:00:00'),
(238, 14, 'M02', 'Kabupaten Kendal', '', 0, 'y', '0', '0000-00-00 00:00:00', '0', '0000-00-00 00:00:00'),
(239, 14, 'M02', 'Kabupaten Klaten', '', 0, 'y', '0', '0000-00-00 00:00:00', '0', '0000-00-00 00:00:00'),
(240, 14, 'M02', 'Kabupaten Kota Tegal', '', 0, 'y', '0', '0000-00-00 00:00:00', '0', '0000-00-00 00:00:00'),
(241, 14, 'M02', 'Kabupaten Kudus', '', 0, 'y', '0', '0000-00-00 00:00:00', '0', '0000-00-00 00:00:00'),
(242, 14, 'M02', 'Kabupaten Magelang', '', 0, 'y', '0', '0000-00-00 00:00:00', '0', '0000-00-00 00:00:00'),
(243, 14, 'M02', 'Kabupaten Pati', '', 0, 'y', '0', '0000-00-00 00:00:00', '0', '0000-00-00 00:00:00'),
(244, 14, 'M02', 'Kabupaten Pekalongan', '', 0, 'y', '0', '0000-00-00 00:00:00', '0', '0000-00-00 00:00:00'),
(245, 14, 'M02', 'Kabupaten Pemalang', '', 0, 'y', '0', '0000-00-00 00:00:00', '0', '0000-00-00 00:00:00'),
(246, 14, 'M02', 'Kabupaten Purbalingga', '', 0, 'y', '0', '0000-00-00 00:00:00', '0', '0000-00-00 00:00:00'),
(247, 14, 'M02', 'Kabupaten Purworejo', '', 0, 'y', '0', '0000-00-00 00:00:00', '0', '0000-00-00 00:00:00'),
(248, 14, 'M02', 'Kabupaten Rembang', '', 0, 'y', '0', '0000-00-00 00:00:00', '0', '0000-00-00 00:00:00'),
(249, 14, 'M02', 'Kabupaten Semarang', '', 0, 'y', '0', '0000-00-00 00:00:00', '0', '0000-00-00 00:00:00'),
(250, 14, 'M02', 'Kabupaten Sragen', '', 0, 'y', '0', '0000-00-00 00:00:00', '0', '0000-00-00 00:00:00'),
(251, 14, 'M02', 'Kabupaten Sukoharjo', '', 0, 'y', '0', '0000-00-00 00:00:00', '0', '0000-00-00 00:00:00'),
(252, 14, 'M02', 'Kabupaten Temanggung', '', 0, 'y', '0', '0000-00-00 00:00:00', '0', '0000-00-00 00:00:00'),
(253, 14, 'M02', 'Kabupaten Wonogiri', '', 0, 'y', '0', '0000-00-00 00:00:00', '0', '0000-00-00 00:00:00'),
(254, 14, 'M02', 'Kabupaten Wonosobo', '', 0, 'y', '0', '0000-00-00 00:00:00', '0', '0000-00-00 00:00:00'),
(255, 14, 'M02', 'Kota Magelang', '', 0, 'y', '0', '0000-00-00 00:00:00', '0', '0000-00-00 00:00:00'),
(256, 14, 'M02', 'Kota Pekalongan', '', 0, 'y', '0', '0000-00-00 00:00:00', '0', '0000-00-00 00:00:00'),
(257, 14, 'M02', 'Kota Salatiga', '', 0, 'y', '0', '0000-00-00 00:00:00', '0', '0000-00-00 00:00:00'),
(258, 14, 'M02', 'Kota Semarang', '', 0, 'y', '0', '0000-00-00 00:00:00', '0', '0000-00-00 00:00:00'),
(259, 14, 'M02', 'Kota Surakarta', '', 0, 'y', '0', '0000-00-00 00:00:00', '0', '0000-00-00 00:00:00'),
(260, 14, 'M02', 'Kota Tegal', '', 0, 'y', '0', '0000-00-00 00:00:00', '0', '0000-00-00 00:00:00'),
(261, 15, 'M02', 'Kabupaten Bantul', '', 0, 'y', '0', '0000-00-00 00:00:00', '0', '0000-00-00 00:00:00'),
(262, 15, 'M02', 'Kabupaten Gunung Kidul', '', 0, 'y', '0', '0000-00-00 00:00:00', '0', '0000-00-00 00:00:00'),
(263, 15, 'M02', 'Kabupaten Kulon Progo', '', 0, 'y', '0', '0000-00-00 00:00:00', '0', '0000-00-00 00:00:00'),
(264, 15, 'M02', 'Kabupaten Sleman', '', 0, 'y', '0', '0000-00-00 00:00:00', '0', '0000-00-00 00:00:00'),
(265, 15, 'M02', 'Kota Yogyakarta', '', 0, 'y', '0', '0000-00-00 00:00:00', '0', '0000-00-00 00:00:00'),
(266, 16, 'M02', 'Kabupaten Bangkalan', '', 0, 'y', '0', '0000-00-00 00:00:00', '0', '0000-00-00 00:00:00'),
(267, 16, 'M02', 'Kabupaten Banyuwangi', '', 0, 'y', '0', '0000-00-00 00:00:00', '0', '0000-00-00 00:00:00'),
(268, 16, 'M02', 'Kabupaten Blitar', '', 0, 'y', '0', '0000-00-00 00:00:00', '0', '0000-00-00 00:00:00'),
(269, 16, 'M02', 'Kabupaten Bojonegoro', '', 0, 'y', '0', '0000-00-00 00:00:00', '0', '0000-00-00 00:00:00'),
(270, 16, 'M02', 'Kabupaten Bondowoso', '', 0, 'y', '0', '0000-00-00 00:00:00', '0', '0000-00-00 00:00:00'),
(271, 16, 'M02', 'Kabupaten Gresik', '', 0, 'y', '0', '0000-00-00 00:00:00', '0', '0000-00-00 00:00:00'),
(272, 16, 'M02', 'Kabupaten Jember', '', 0, 'y', '0', '0000-00-00 00:00:00', '0', '0000-00-00 00:00:00'),
(273, 16, 'M02', 'Kabupaten Jombang', '', 0, 'y', '0', '0000-00-00 00:00:00', '0', '0000-00-00 00:00:00'),
(274, 16, 'M02', 'Kabupaten Kediri', '', 0, 'y', '0', '0000-00-00 00:00:00', '0', '0000-00-00 00:00:00'),
(275, 16, 'M02', 'Kabupaten Lamongan', '', 0, 'y', '0', '0000-00-00 00:00:00', '0', '0000-00-00 00:00:00'),
(276, 16, 'M02', 'Kabupaten Lumajang', '', 0, 'y', '0', '0000-00-00 00:00:00', '0', '0000-00-00 00:00:00'),
(277, 16, 'M02', 'Kabupaten Madiun', '', 0, 'y', '0', '0000-00-00 00:00:00', '0', '0000-00-00 00:00:00'),
(278, 16, 'M02', 'Kabupaten Magetan', '', 0, 'y', '0', '0000-00-00 00:00:00', '0', '0000-00-00 00:00:00'),
(279, 16, 'M02', 'Kabupaten Malang', '', 0, 'y', '0', '0000-00-00 00:00:00', '0', '0000-00-00 00:00:00'),
(280, 16, 'M02', 'Kabupaten Mojokerto', '', 0, 'y', '0', '0000-00-00 00:00:00', '0', '0000-00-00 00:00:00'),
(281, 16, 'M02', 'Kabupaten Nganjuk', '', 0, 'y', '0', '0000-00-00 00:00:00', '0', '0000-00-00 00:00:00'),
(282, 16, 'M02', 'Kabupaten Ngawi', '', 0, 'y', '0', '0000-00-00 00:00:00', '0', '0000-00-00 00:00:00'),
(283, 16, 'M02', 'Kabupaten Pacitan', '', 0, 'y', '0', '0000-00-00 00:00:00', '0', '0000-00-00 00:00:00'),
(284, 16, 'M02', 'Kabupaten Pamekasan', '', 0, 'y', '0', '0000-00-00 00:00:00', '0', '0000-00-00 00:00:00'),
(285, 16, 'M02', 'Kabupaten Pasuruan', '', 0, 'y', '0', '0000-00-00 00:00:00', '0', '0000-00-00 00:00:00'),
(286, 16, 'M02', 'Kabupaten Ponorogo', '', 0, 'y', '0', '0000-00-00 00:00:00', '0', '0000-00-00 00:00:00'),
(287, 16, 'M02', 'Kabupaten Probolinggo', '', 0, 'y', '0', '0000-00-00 00:00:00', '0', '0000-00-00 00:00:00'),
(288, 16, 'M02', 'Kabupaten Sampang', '', 0, 'y', '0', '0000-00-00 00:00:00', '0', '0000-00-00 00:00:00'),
(289, 16, 'M02', 'Kabupaten Sidoarjo', '', 0, 'y', '0', '0000-00-00 00:00:00', '0', '0000-00-00 00:00:00'),
(290, 16, 'M02', 'Kabupaten Situbondo', '', 0, 'y', '0', '0000-00-00 00:00:00', '0', '0000-00-00 00:00:00'),
(291, 16, 'M02', 'Kabupaten Sumenep', '', 0, 'y', '0', '0000-00-00 00:00:00', '0', '0000-00-00 00:00:00'),
(292, 16, 'M02', 'Kabupaten Trenggalek', '', 0, 'y', '0', '0000-00-00 00:00:00', '0', '0000-00-00 00:00:00'),
(293, 16, 'M02', 'Kabupaten Tuban', '', 0, 'y', '0', '0000-00-00 00:00:00', '0', '0000-00-00 00:00:00'),
(294, 16, 'M02', 'Kabupaten Tulungagung', '', 0, 'y', '0', '0000-00-00 00:00:00', '0', '0000-00-00 00:00:00'),
(295, 16, 'M02', 'Kota Batu', '', 0, 'y', '0', '0000-00-00 00:00:00', '0', '0000-00-00 00:00:00'),
(296, 16, 'M02', 'Kota Blitar', '', 0, 'y', '0', '0000-00-00 00:00:00', '0', '0000-00-00 00:00:00'),
(297, 16, 'M02', 'Kota Kediri', '', 0, 'y', '0', '0000-00-00 00:00:00', '0', '0000-00-00 00:00:00'),
(298, 16, 'M02', 'Kota Madiun', '', 0, 'y', '0', '0000-00-00 00:00:00', '0', '0000-00-00 00:00:00'),
(299, 16, 'M02', 'Kota Malang', '', 0, 'y', '0', '0000-00-00 00:00:00', '0', '0000-00-00 00:00:00'),
(300, 16, 'M02', 'Kota Mojokerto', '', 0, 'y', '0', '0000-00-00 00:00:00', '0', '0000-00-00 00:00:00'),
(301, 16, 'M02', 'Kota Pasuruan', '', 0, 'y', '0', '0000-00-00 00:00:00', '0', '0000-00-00 00:00:00'),
(302, 16, 'M02', 'Kota Probolinggo', '', 0, 'y', '0', '0000-00-00 00:00:00', '0', '0000-00-00 00:00:00'),
(303, 16, 'M02', 'Kota Surabaya', '', 0, 'y', '0', '0000-00-00 00:00:00', '0', '0000-00-00 00:00:00'),
(304, 17, 'M02', 'Kabupaten Badung', '', 0, 'y', '0', '0000-00-00 00:00:00', '0', '0000-00-00 00:00:00'),
(305, 17, 'M02', 'Kabupaten Bangli', '', 0, 'y', '0', '0000-00-00 00:00:00', '0', '0000-00-00 00:00:00'),
(306, 17, 'M02', 'Kabupaten Buleleng', '', 0, 'y', '0', '0000-00-00 00:00:00', '0', '0000-00-00 00:00:00'),
(307, 17, 'M02', 'Kabupaten Gianyar', '', 0, 'y', '0', '0000-00-00 00:00:00', '0', '0000-00-00 00:00:00'),
(308, 17, 'M02', 'Kabupaten Jembrana', '', 0, 'y', '0', '0000-00-00 00:00:00', '0', '0000-00-00 00:00:00'),
(309, 17, 'M02', 'Kabupaten Karang Asem', '', 0, 'y', '0', '0000-00-00 00:00:00', '0', '0000-00-00 00:00:00'),
(310, 17, 'M02', 'Kabupaten Klungkung', '', 0, 'y', '0', '0000-00-00 00:00:00', '0', '0000-00-00 00:00:00'),
(311, 17, 'M02', 'Kabupaten Tabanan', '', 0, 'y', '0', '0000-00-00 00:00:00', '0', '0000-00-00 00:00:00'),
(312, 17, 'M02', 'Kota Denpasar', '', 0, 'y', '0', '0000-00-00 00:00:00', '0', '0000-00-00 00:00:00'),
(313, 18, 'M02', 'Kabupaten Bima', '', 0, 'y', '0', '0000-00-00 00:00:00', '0', '0000-00-00 00:00:00'),
(314, 18, 'M02', 'Kabupaten Dompu', '', 0, 'y', '0', '0000-00-00 00:00:00', '0', '0000-00-00 00:00:00'),
(315, 18, 'M02', 'Kabupaten Lombok Barat', '', 0, 'y', '0', '0000-00-00 00:00:00', '0', '0000-00-00 00:00:00'),
(316, 18, 'M02', 'Kabupaten Lombok Tengah', '', 0, 'y', '0', '0000-00-00 00:00:00', '0', '0000-00-00 00:00:00'),
(317, 18, 'M02', 'Kabupaten Lombok Timur', '', 0, 'y', '0', '0000-00-00 00:00:00', '0', '0000-00-00 00:00:00'),
(318, 18, 'M02', 'Kabupaten Lombok Utara', '', 0, 'y', '0', '0000-00-00 00:00:00', '0', '0000-00-00 00:00:00'),
(319, 18, 'M02', 'Kabupaten Sumbawa', '', 0, 'y', '0', '0000-00-00 00:00:00', '0', '0000-00-00 00:00:00'),
(320, 18, 'M02', 'Kabupaten Sumbawa Barat', '', 0, 'y', '0', '0000-00-00 00:00:00', '0', '0000-00-00 00:00:00'),
(321, 18, 'M02', 'Kota Bima', '', 0, 'y', '0', '0000-00-00 00:00:00', '0', '0000-00-00 00:00:00'),
(322, 18, 'M02', 'Kota Mataram', '', 0, 'y', '0', '0000-00-00 00:00:00', '0', '0000-00-00 00:00:00'),
(323, 19, 'M02', 'Kabupaten Alor', '', 0, 'y', '0', '0000-00-00 00:00:00', '0', '0000-00-00 00:00:00'),
(324, 19, 'M02', 'Kabupaten Belu', '', 0, 'y', '0', '0000-00-00 00:00:00', '0', '0000-00-00 00:00:00'),
(325, 19, 'M02', 'Kabupaten Ende', '', 0, 'y', '0', '0000-00-00 00:00:00', '0', '0000-00-00 00:00:00'),
(326, 19, 'M02', 'Kabupaten Flores Timur', '', 0, 'y', '0', '0000-00-00 00:00:00', '0', '0000-00-00 00:00:00'),
(327, 19, 'M02', 'Kabupaten Kupang', '', 0, 'y', '0', '0000-00-00 00:00:00', '0', '0000-00-00 00:00:00'),
(328, 19, 'M02', 'Kabupaten Lembata', '', 0, 'y', '0', '0000-00-00 00:00:00', '0', '0000-00-00 00:00:00'),
(329, 19, 'M02', 'Kabupaten Manggarai', '', 0, 'y', '0', '0000-00-00 00:00:00', '0', '0000-00-00 00:00:00'),
(330, 19, 'M02', 'Kabupaten Manggarai Barat', '', 0, 'y', '0', '0000-00-00 00:00:00', '0', '0000-00-00 00:00:00'),
(331, 19, 'M02', 'Kabupaten Manggarai Timur', '', 0, 'y', '0', '0000-00-00 00:00:00', '0', '0000-00-00 00:00:00'),
(332, 19, 'M02', 'Kabupaten Nagekeo', '', 0, 'y', '0', '0000-00-00 00:00:00', '0', '0000-00-00 00:00:00'),
(333, 19, 'M02', 'Kabupaten Ngada', '', 0, 'y', '0', '0000-00-00 00:00:00', '0', '0000-00-00 00:00:00'),
(334, 19, 'M02', 'Kabupaten Rote Ndao', '', 0, 'y', '0', '0000-00-00 00:00:00', '0', '0000-00-00 00:00:00'),
(335, 19, 'M02', 'Kabupaten Sabu Raijua', '', 0, 'y', '0', '0000-00-00 00:00:00', '0', '0000-00-00 00:00:00'),
(336, 19, 'M02', 'Kabupaten Sikka', '', 0, 'y', '0', '0000-00-00 00:00:00', '0', '0000-00-00 00:00:00'),
(337, 19, 'M02', 'Kabupaten Sumba Barat', '', 0, 'y', '0', '0000-00-00 00:00:00', '0', '0000-00-00 00:00:00'),
(338, 19, 'M02', 'Kabupaten Sumba Barat Daya', '', 0, 'y', '0', '0000-00-00 00:00:00', '0', '0000-00-00 00:00:00'),
(339, 19, 'M02', 'Kabupaten Sumba Tengah', '', 0, 'y', '0', '0000-00-00 00:00:00', '0', '0000-00-00 00:00:00'),
(340, 19, 'M02', 'Kabupaten Sumba Timur', '', 0, 'y', '0', '0000-00-00 00:00:00', '0', '0000-00-00 00:00:00'),
(341, 19, 'M02', 'Kabupaten Timor Tengah Selatan', '', 0, 'y', '0', '0000-00-00 00:00:00', '0', '0000-00-00 00:00:00'),
(342, 19, 'M02', 'Kabupaten Timor Tengah Utara', '', 0, 'y', '0', '0000-00-00 00:00:00', '0', '0000-00-00 00:00:00'),
(343, 19, 'M02', 'Kota Kupang', '', 0, 'y', '0', '0000-00-00 00:00:00', '0', '0000-00-00 00:00:00'),
(344, 20, 'M02', 'Kabupaten Bengkayang', '', 0, 'y', '0', '0000-00-00 00:00:00', '0', '0000-00-00 00:00:00'),
(345, 20, 'M02', 'Kabupaten Kapuas Hulu', '', 0, 'y', '0', '0000-00-00 00:00:00', '0', '0000-00-00 00:00:00'),
(346, 20, 'M02', 'Kabupaten Kayong Utara', '', 0, 'y', '0', '0000-00-00 00:00:00', '0', '0000-00-00 00:00:00'),
(347, 20, 'M02', 'Kabupaten Ketapang', '', 0, 'y', '0', '0000-00-00 00:00:00', '0', '0000-00-00 00:00:00'),
(348, 20, 'M02', 'Kabupaten Kubu Raya', '', 0, 'y', '0', '0000-00-00 00:00:00', '0', '0000-00-00 00:00:00'),
(349, 20, 'M02', 'Kabupaten Landak', '', 0, 'y', '0', '0000-00-00 00:00:00', '0', '0000-00-00 00:00:00'),
(350, 20, 'M02', 'Kabupaten Melawi', '', 0, 'y', '0', '0000-00-00 00:00:00', '0', '0000-00-00 00:00:00'),
(351, 20, 'M02', 'Kabupaten Pontianak', '', 0, 'y', '0', '0000-00-00 00:00:00', '0', '0000-00-00 00:00:00'),
(352, 20, 'M02', 'Kabupaten Sambas', '', 0, 'y', '0', '0000-00-00 00:00:00', '0', '0000-00-00 00:00:00'),
(353, 20, 'M02', 'Kabupaten Sanggau', '', 0, 'y', '0', '0000-00-00 00:00:00', '0', '0000-00-00 00:00:00'),
(354, 20, 'M02', 'Kabupaten Sekadau', '', 0, 'y', '0', '0000-00-00 00:00:00', '0', '0000-00-00 00:00:00'),
(355, 20, 'M02', 'Kabupaten Sintang', '', 0, 'y', '0', '0000-00-00 00:00:00', '0', '0000-00-00 00:00:00'),
(356, 20, 'M02', 'Kota Pontianak', '', 0, 'y', '0', '0000-00-00 00:00:00', '0', '0000-00-00 00:00:00'),
(357, 20, 'M02', 'Kota Singkawang', '', 0, 'y', '0', '0000-00-00 00:00:00', '0', '0000-00-00 00:00:00'),
(358, 21, 'M02', 'Kabupaten Barito Selatan', '', 0, 'y', '0', '0000-00-00 00:00:00', '0', '0000-00-00 00:00:00'),
(359, 21, 'M02', 'Kabupaten Barito Timur', '', 0, 'y', '0', '0000-00-00 00:00:00', '0', '0000-00-00 00:00:00'),
(360, 21, 'M02', 'Kabupaten Barito Utara', '', 0, 'y', '0', '0000-00-00 00:00:00', '0', '0000-00-00 00:00:00'),
(361, 21, 'M02', 'Kabupaten Gunung Mas', '', 0, 'y', '0', '0000-00-00 00:00:00', '0', '0000-00-00 00:00:00'),
(362, 21, 'M02', 'Kabupaten Kapuas', '', 0, 'y', '0', '0000-00-00 00:00:00', '0', '0000-00-00 00:00:00'),
(363, 21, 'M02', 'Kabupaten Katingan', '', 0, 'y', '0', '0000-00-00 00:00:00', '0', '0000-00-00 00:00:00'),
(364, 21, 'M02', 'Kabupaten Kotawaringin Barat', '', 0, 'y', '0', '0000-00-00 00:00:00', '0', '0000-00-00 00:00:00'),
(365, 21, 'M02', 'Kabupaten Kotawaringin Timur', '', 0, 'y', '0', '0000-00-00 00:00:00', '0', '0000-00-00 00:00:00'),
(366, 21, 'M02', 'Kabupaten Lamandau', '', 0, 'y', '0', '0000-00-00 00:00:00', '0', '0000-00-00 00:00:00'),
(367, 21, 'M02', 'Kabupaten Murung Raya', '', 0, 'y', '0', '0000-00-00 00:00:00', '0', '0000-00-00 00:00:00'),
(368, 21, 'M02', 'Kabupaten Pulang Pisau', '', 0, 'y', '0', '0000-00-00 00:00:00', '0', '0000-00-00 00:00:00'),
(369, 21, 'M02', 'Kabupaten Seruyan', '', 0, 'y', '0', '0000-00-00 00:00:00', '0', '0000-00-00 00:00:00'),
(370, 21, 'M02', 'Kabupaten Sukamara', '', 0, 'y', '0', '0000-00-00 00:00:00', '0', '0000-00-00 00:00:00'),
(371, 21, 'M02', 'Kota Palangkaraya', '', 0, 'y', '0', '0000-00-00 00:00:00', '0', '0000-00-00 00:00:00'),
(372, 22, 'M02', 'Kabupaten Balangan', '', 0, 'y', '0', '0000-00-00 00:00:00', '0', '0000-00-00 00:00:00'),
(373, 22, 'M02', 'Kabupaten Banjar', '', 0, 'y', '0', '0000-00-00 00:00:00', '0', '0000-00-00 00:00:00'),
(374, 22, 'M02', 'Kabupaten Barito Kuala', '', 0, 'y', '0', '0000-00-00 00:00:00', '0', '0000-00-00 00:00:00'),
(375, 22, 'M02', 'Kabupaten Hulu Sungai Selatan', '', 0, 'y', '0', '0000-00-00 00:00:00', '0', '0000-00-00 00:00:00'),
(376, 22, 'M02', 'Kabupaten Hulu Sungai Tengah', '', 0, 'y', '0', '0000-00-00 00:00:00', '0', '0000-00-00 00:00:00'),
(377, 22, 'M02', 'Kabupaten Hulu Sungai Utara', '', 0, 'y', '0', '0000-00-00 00:00:00', '0', '0000-00-00 00:00:00'),
(378, 22, 'M02', 'Kabupaten Kota Baru', '', 0, 'y', '0', '0000-00-00 00:00:00', '0', '0000-00-00 00:00:00'),
(379, 22, 'M02', 'Kabupaten Tabalong', '', 0, 'y', '0', '0000-00-00 00:00:00', '0', '0000-00-00 00:00:00'),
(380, 22, 'M02', 'Kabupaten Tanah Bumbu', '', 0, 'y', '0', '0000-00-00 00:00:00', '0', '0000-00-00 00:00:00'),
(381, 22, 'M02', 'Kabupaten Tanah Laut', '', 0, 'y', '0', '0000-00-00 00:00:00', '0', '0000-00-00 00:00:00'),
(382, 22, 'M02', 'Kabupaten Tapin', '', 0, 'y', '0', '0000-00-00 00:00:00', '0', '0000-00-00 00:00:00'),
(383, 22, 'M02', 'Kota Banjar Baru', '', 0, 'y', '0', '0000-00-00 00:00:00', '0', '0000-00-00 00:00:00'),
(384, 22, 'M02', 'Kota Banjarmasin', '', 0, 'y', '0', '0000-00-00 00:00:00', '0', '0000-00-00 00:00:00'),
(385, 23, 'M02', 'Kabupaten Berau', '', 0, 'y', '0', '0000-00-00 00:00:00', '0', '0000-00-00 00:00:00'),
(386, 23, 'M02', 'Kabupaten Bulongan', '', 0, 'y', '0', '0000-00-00 00:00:00', '0', '0000-00-00 00:00:00'),
(387, 23, 'M02', 'Kabupaten Kutai Barat', '', 0, 'y', '0', '0000-00-00 00:00:00', '0', '0000-00-00 00:00:00'),
(388, 23, 'M02', 'Kabupaten Kutai Kartanegara', '', 0, 'y', '0', '0000-00-00 00:00:00', '0', '0000-00-00 00:00:00'),
(389, 23, 'M02', 'Kabupaten Kutai Timur', '', 0, 'y', '0', '0000-00-00 00:00:00', '0', '0000-00-00 00:00:00'),
(390, 23, 'M02', 'Kabupaten Malinau', '', 0, 'y', '0', '0000-00-00 00:00:00', '0', '0000-00-00 00:00:00'),
(391, 23, 'M02', 'Kabupaten Nunukan', '', 0, 'y', '0', '0000-00-00 00:00:00', '0', '0000-00-00 00:00:00'),
(392, 23, 'M02', 'Kabupaten Paser', '', 0, 'y', '0', '0000-00-00 00:00:00', '0', '0000-00-00 00:00:00'),
(393, 23, 'M02', 'Kabupaten Penajam Paser Utara', '', 0, 'y', '0', '0000-00-00 00:00:00', '0', '0000-00-00 00:00:00'),
(394, 23, 'M02', 'Kabupaten Tana Tidung', '', 0, 'y', '0', '0000-00-00 00:00:00', '0', '0000-00-00 00:00:00'),
(395, 23, 'M02', 'Kota Balikpapan', '', 0, 'y', '0', '0000-00-00 00:00:00', '0', '0000-00-00 00:00:00'),
(396, 23, 'M02', 'Kota Bontang', '', 0, 'y', '0', '0000-00-00 00:00:00', '0', '0000-00-00 00:00:00'),
(397, 23, 'M02', 'Kota Samarinda', '', 0, 'y', '0', '0000-00-00 00:00:00', '0', '0000-00-00 00:00:00'),
(398, 23, 'M02', 'Kota Tarakan', '', 0, 'y', '0', '0000-00-00 00:00:00', '0', '0000-00-00 00:00:00'),
(399, 24, 'M02', 'Kabupaten Boalemo', '', 0, 'y', '0', '0000-00-00 00:00:00', '0', '0000-00-00 00:00:00'),
(400, 24, 'M02', 'Kabupaten Bone Bolango', '', 0, 'y', '0', '0000-00-00 00:00:00', '0', '0000-00-00 00:00:00'),
(401, 24, 'M02', 'Kabupaten Gorontalo', '', 0, 'y', '0', '0000-00-00 00:00:00', '0', '0000-00-00 00:00:00'),
(402, 24, 'M02', 'Kabupaten Gorontalo Utara', '', 0, 'y', '0', '0000-00-00 00:00:00', '0', '0000-00-00 00:00:00'),
(403, 24, 'M02', 'Kabupaten Pohuwato', '', 0, 'y', '0', '0000-00-00 00:00:00', '0', '0000-00-00 00:00:00'),
(404, 24, 'M02', 'Kota Gorontalo', '', 0, 'y', '0', '0000-00-00 00:00:00', '0', '0000-00-00 00:00:00'),
(405, 25, 'M02', 'Kabupaten Bantaeng', '', 0, 'y', '0', '0000-00-00 00:00:00', '0', '0000-00-00 00:00:00'),
(406, 25, 'M02', 'Kabupaten Barru', '', 0, 'y', '0', '0000-00-00 00:00:00', '0', '0000-00-00 00:00:00'),
(407, 25, 'M02', 'Kabupaten Bone', '', 0, 'y', '0', '0000-00-00 00:00:00', '0', '0000-00-00 00:00:00'),
(408, 25, 'M02', 'Kabupaten Bulukumba', '', 0, 'y', '0', '0000-00-00 00:00:00', '0', '0000-00-00 00:00:00'),
(409, 25, 'M02', 'Kabupaten Enrekang', '', 0, 'y', '0', '0000-00-00 00:00:00', '0', '0000-00-00 00:00:00'),
(410, 25, 'M02', 'Kabupaten Gowa', '', 0, 'y', '0', '0000-00-00 00:00:00', '0', '0000-00-00 00:00:00'),
(411, 25, 'M02', 'Kabupaten Jeneponto', '', 0, 'y', '0', '0000-00-00 00:00:00', '0', '0000-00-00 00:00:00'),
(412, 25, 'M02', 'Kabupaten Luwu', '', 0, 'y', '0', '0000-00-00 00:00:00', '0', '0000-00-00 00:00:00'),
(413, 25, 'M02', 'Kabupaten Luwu Timur', '', 0, 'y', '0', '0000-00-00 00:00:00', '0', '0000-00-00 00:00:00'),
(414, 25, 'M02', 'Kabupaten Luwu Utara', '', 0, 'y', '0', '0000-00-00 00:00:00', '0', '0000-00-00 00:00:00'),
(415, 25, 'M02', 'Kabupaten Maros', '', 0, 'y', '0', '0000-00-00 00:00:00', '0', '0000-00-00 00:00:00'),
(416, 25, 'M02', 'Kabupaten Pangkajene Kepulauan', '', 0, 'y', '0', '0000-00-00 00:00:00', '0', '0000-00-00 00:00:00'),
(417, 25, 'M02', 'Kabupaten Pinrang', '', 0, 'y', '0', '0000-00-00 00:00:00', '0', '0000-00-00 00:00:00'),
(418, 25, 'M02', 'Kabupaten Selayar', '', 0, 'y', '0', '0000-00-00 00:00:00', '0', '0000-00-00 00:00:00'),
(419, 25, 'M02', 'Kabupaten Sidenreng Rappang', '', 0, 'y', '0', '0000-00-00 00:00:00', '0', '0000-00-00 00:00:00'),
(420, 25, 'M02', 'Kabupaten Sinjai', '', 0, 'y', '0', '0000-00-00 00:00:00', '0', '0000-00-00 00:00:00'),
(421, 25, 'M02', 'Kabupaten Soppeng', '', 0, 'y', '0', '0000-00-00 00:00:00', '0', '0000-00-00 00:00:00'),
(422, 25, 'M02', 'Kabupaten Takalar', '', 0, 'y', '0', '0000-00-00 00:00:00', '0', '0000-00-00 00:00:00'),
(423, 25, 'M02', 'Kabupaten Tana Toraja', '', 0, 'y', '0', '0000-00-00 00:00:00', '0', '0000-00-00 00:00:00'),
(424, 25, 'M02', 'Kabupaten Toraja Utara', '', 0, 'y', '0', '0000-00-00 00:00:00', '0', '0000-00-00 00:00:00'),
(425, 25, 'M02', 'Kabupaten Wajo', '', 0, 'y', '0', '0000-00-00 00:00:00', '0', '0000-00-00 00:00:00'),
(426, 25, 'M02', 'Kota Makassar', '', 0, 'y', '0', '0000-00-00 00:00:00', '0', '0000-00-00 00:00:00'),
(427, 25, 'M02', 'Kota Palopo', '', 0, 'y', '0', '0000-00-00 00:00:00', '0', '0000-00-00 00:00:00'),
(428, 25, 'M02', 'Kota Pare-pare', '', 0, 'y', '0', '0000-00-00 00:00:00', '0', '0000-00-00 00:00:00'),
(429, 26, 'M02', 'Kabupaten Bombana', '', 0, 'y', '0', '0000-00-00 00:00:00', '0', '0000-00-00 00:00:00'),
(430, 26, 'M02', 'Kabupaten Buton', '', 0, 'y', '0', '0000-00-00 00:00:00', '0', '0000-00-00 00:00:00'),
(431, 26, 'M02', 'Kabupaten Buton Utara', '', 0, 'y', '0', '0000-00-00 00:00:00', '0', '0000-00-00 00:00:00'),
(432, 26, 'M02', 'Kabupaten Kolaka', '', 0, 'y', '0', '0000-00-00 00:00:00', '0', '0000-00-00 00:00:00'),
(433, 26, 'M02', 'Kabupaten Kolaka Utara', '', 0, 'y', '0', '0000-00-00 00:00:00', '0', '0000-00-00 00:00:00'),
(434, 26, 'M02', 'Kabupaten Konawe', '', 0, 'y', '0', '0000-00-00 00:00:00', '0', '0000-00-00 00:00:00'),
(435, 26, 'M02', 'Kabupaten Konawe Selatan', '', 0, 'y', '0', '0000-00-00 00:00:00', '0', '0000-00-00 00:00:00'),
(436, 26, 'M02', 'Kabupaten Konawe Utara', '', 0, 'y', '0', '0000-00-00 00:00:00', '0', '0000-00-00 00:00:00'),
(437, 26, 'M02', 'Kabupaten Muna', '', 0, 'y', '0', '0000-00-00 00:00:00', '0', '0000-00-00 00:00:00'),
(438, 26, 'M02', 'Kabupaten Wakatobi', '', 0, 'y', '0', '0000-00-00 00:00:00', '0', '0000-00-00 00:00:00'),
(439, 26, 'M02', 'Kota Bau-bau', '', 0, 'y', '0', '0000-00-00 00:00:00', '0', '0000-00-00 00:00:00'),
(440, 26, 'M02', 'Kota Kendari', '', 0, 'y', '0', '0000-00-00 00:00:00', '0', '0000-00-00 00:00:00'),
(441, 27, 'M02', 'Kabupaten Banggai', '', 0, 'y', '0', '0000-00-00 00:00:00', '0', '0000-00-00 00:00:00'),
(442, 27, 'M02', 'Kabupaten Banggai Kepulauan', '', 0, 'y', '0', '0000-00-00 00:00:00', '0', '0000-00-00 00:00:00'),
(443, 27, 'M02', 'Kabupaten Buol', '', 0, 'y', '0', '0000-00-00 00:00:00', '0', '0000-00-00 00:00:00'),
(444, 27, 'M02', 'Kabupaten Donggala', '', 0, 'y', '0', '0000-00-00 00:00:00', '0', '0000-00-00 00:00:00'),
(445, 27, 'M02', 'Kabupaten Morowali', '', 0, 'y', '0', '0000-00-00 00:00:00', '0', '0000-00-00 00:00:00'),
(446, 27, 'M02', 'Kabupaten Parigi Moutong', '', 0, 'y', '0', '0000-00-00 00:00:00', '0', '0000-00-00 00:00:00'),
(523, 27, 'M02', 'Kabupaten Poso', '', 0, 'y', '0', '0000-00-00 00:00:00', '0', '0000-00-00 00:00:00'),
(524, 27, 'M02', 'Kabupaten Sigi', '', 0, 'y', '0', '0000-00-00 00:00:00', '0', '0000-00-00 00:00:00'),
(525, 27, 'M02', 'Kabupaten Tojo Una-Una', '', 0, 'y', '0', '0000-00-00 00:00:00', '0', '0000-00-00 00:00:00'),
(526, 27, 'M02', 'Kabupaten Toli Toli', '', 0, 'y', '0', '0000-00-00 00:00:00', '0', '0000-00-00 00:00:00'),
(527, 27, 'M02', 'Kota Palu', '', 0, 'y', '0', '0000-00-00 00:00:00', '0', '0000-00-00 00:00:00'),
(528, 28, 'M02', 'Kabupaten Bolaang Mangondow', '', 0, 'y', '0', '0000-00-00 00:00:00', '0', '0000-00-00 00:00:00'),
(529, 28, 'M02', 'Kabupaten Bolaang Mangondow Se', '', 0, 'y', '0', '0000-00-00 00:00:00', '0', '0000-00-00 00:00:00'),
(530, 28, 'M02', 'Kabupaten Bolaang Mangondow Ti', '', 0, 'y', '0', '0000-00-00 00:00:00', '0', '0000-00-00 00:00:00'),
(531, 28, 'M02', 'Kabupaten Bolaang Mangondow Ut', '', 0, 'y', '0', '0000-00-00 00:00:00', '0', '0000-00-00 00:00:00'),
(532, 28, 'M02', 'Kabupaten Kepulauan Sangihe', '', 0, 'y', '0', '0000-00-00 00:00:00', '0', '0000-00-00 00:00:00'),
(533, 28, 'M02', 'Kabupaten Kepulauan Siau Tagul', '', 0, 'y', '0', '0000-00-00 00:00:00', '0', '0000-00-00 00:00:00'),
(534, 28, 'M02', 'Kabupaten Kepulauan Talaud', '', 0, 'y', '0', '0000-00-00 00:00:00', '0', '0000-00-00 00:00:00'),
(535, 28, 'M02', 'Kabupaten Minahasa', '', 0, 'y', '0', '0000-00-00 00:00:00', '0', '0000-00-00 00:00:00'),
(536, 28, 'M02', 'Kabupaten Minahasa Selatan', '', 0, 'y', '0', '0000-00-00 00:00:00', '0', '0000-00-00 00:00:00'),
(537, 28, 'M02', 'Kabupaten Minahasa Tenggara', '', 0, 'y', '0', '0000-00-00 00:00:00', '0', '0000-00-00 00:00:00'),
(538, 28, 'M02', 'Kabupaten Minahasa Utara', '', 0, 'y', '0', '0000-00-00 00:00:00', '0', '0000-00-00 00:00:00'),
(539, 28, 'M02', 'Kota Bitung', '', 0, 'y', '0', '0000-00-00 00:00:00', '0', '0000-00-00 00:00:00'),
(540, 28, 'M02', 'Kota Kotamobagu', '', 0, 'y', '0', '0000-00-00 00:00:00', '0', '0000-00-00 00:00:00'),
(541, 28, 'M02', 'Kota Manado', '', 0, 'y', '0', '0000-00-00 00:00:00', '0', '0000-00-00 00:00:00'),
(542, 28, 'M02', 'Kota Tomohon', '', 0, 'y', '0', '0000-00-00 00:00:00', '0', '0000-00-00 00:00:00'),
(543, 29, 'M02', 'Kabupaten Majene', '', 0, 'y', '0', '0000-00-00 00:00:00', '0', '0000-00-00 00:00:00'),
(544, 29, 'M02', 'Kabupaten Mamasa', '', 0, 'y', '0', '0000-00-00 00:00:00', '0', '0000-00-00 00:00:00'),
(545, 29, 'M02', 'Kabupaten Mamuju', '', 0, 'y', '0', '0000-00-00 00:00:00', '0', '0000-00-00 00:00:00'),
(546, 29, 'M02', 'Kabupaten Mamuju Utara', '', 0, 'y', '0', '0000-00-00 00:00:00', '0', '0000-00-00 00:00:00'),
(547, 29, 'M02', 'Kabupaten Polewali Mandar', '', 0, 'y', '0', '0000-00-00 00:00:00', '0', '0000-00-00 00:00:00');
INSERT INTO `master_data` (`idData`, `kodeInduk`, `kodeCategory`, `namaData`, `keteranganData`, `orderData`, `statusData`, `createdBy`, `createdTime`, `updatedBy`, `updatedTime`) VALUES
(548, 30, 'M02', 'Kabupaten Buru', '', 0, 'y', '0', '0000-00-00 00:00:00', '0', '0000-00-00 00:00:00'),
(549, 30, 'M02', 'Kabupaten Buru Selatan', '', 0, 'y', '0', '0000-00-00 00:00:00', '0', '0000-00-00 00:00:00'),
(550, 30, 'M02', 'Kabupaten Kepulauan Aru', '', 0, 'y', '0', '0000-00-00 00:00:00', '0', '0000-00-00 00:00:00'),
(551, 30, 'M02', 'Kabupaten Maluku Barat Daya', '', 0, 'y', '0', '0000-00-00 00:00:00', '0', '0000-00-00 00:00:00'),
(552, 30, 'M02', 'Kabupaten Maluku Tengah', '', 0, 'y', '0', '0000-00-00 00:00:00', '0', '0000-00-00 00:00:00'),
(553, 30, 'M02', 'Kabupaten Maluku Tenggara', '', 0, 'y', '0', '0000-00-00 00:00:00', '0', '0000-00-00 00:00:00'),
(554, 30, 'M02', 'Kabupaten Maluku Tenggara Bara', '', 0, 'y', '0', '0000-00-00 00:00:00', '0', '0000-00-00 00:00:00'),
(555, 30, 'M02', 'Kabupaten Seram Bagian Barat', '', 0, 'y', '0', '0000-00-00 00:00:00', '0', '0000-00-00 00:00:00'),
(556, 30, 'M02', 'Kabupaten Seram Bagian Timur', '', 0, 'y', '0', '0000-00-00 00:00:00', '0', '0000-00-00 00:00:00'),
(557, 30, 'M02', 'Kota Ambon', '', 0, 'y', '0', '0000-00-00 00:00:00', '0', '0000-00-00 00:00:00'),
(558, 30, 'M02', 'Kota Tual', '', 0, 'y', '0', '0000-00-00 00:00:00', '0', '0000-00-00 00:00:00'),
(559, 31, 'M02', 'Kabupaten Halmahera Barat', '', 0, 'y', '0', '0000-00-00 00:00:00', '0', '0000-00-00 00:00:00'),
(560, 31, 'M02', 'Kabupaten Halmahera Selatan', '', 0, 'y', '0', '0000-00-00 00:00:00', '0', '0000-00-00 00:00:00'),
(561, 31, 'M02', 'Kabupaten Halmahera Tengah', '', 0, 'y', '0', '0000-00-00 00:00:00', '0', '0000-00-00 00:00:00'),
(562, 31, 'M02', 'Kabupaten Halmahera Timur', '', 0, 'y', '0', '0000-00-00 00:00:00', '0', '0000-00-00 00:00:00'),
(563, 31, 'M02', 'Kabupaten Halmahera Utara', '', 0, 'y', '0', '0000-00-00 00:00:00', '0', '0000-00-00 00:00:00'),
(564, 31, 'M02', 'Kabupaten Kepulauan Sula', '', 0, 'y', '0', '0000-00-00 00:00:00', '0', '0000-00-00 00:00:00'),
(565, 31, 'M02', 'Kabupaten Pulau Morotai', '', 0, 'y', '0', '0000-00-00 00:00:00', '0', '0000-00-00 00:00:00'),
(566, 31, 'M02', 'Kota Ternate', '', 0, 'y', '0', '0000-00-00 00:00:00', '0', '0000-00-00 00:00:00'),
(567, 31, 'M02', 'Kota Tidore Kepulauan', '', 0, 'y', '0', '0000-00-00 00:00:00', '0', '0000-00-00 00:00:00'),
(568, 32, 'M02', 'Kabupaten Fakfak', '', 0, 'y', '0', '0000-00-00 00:00:00', '0', '0000-00-00 00:00:00'),
(569, 32, 'M02', 'Kabupaten Kaimana', '', 0, 'y', '0', '0000-00-00 00:00:00', '0', '0000-00-00 00:00:00'),
(570, 32, 'M02', 'Kabupaten Manokwari', '', 0, 'y', '0', '0000-00-00 00:00:00', '0', '0000-00-00 00:00:00'),
(571, 32, 'M02', 'Kabupaten Maybrat', '', 0, 'y', '0', '0000-00-00 00:00:00', '0', '0000-00-00 00:00:00'),
(572, 32, 'M02', 'Kabupaten Raja Ampat', '', 0, 'y', '0', '0000-00-00 00:00:00', '0', '0000-00-00 00:00:00'),
(573, 32, 'M02', 'Kabupaten Sorong', '', 0, 'y', '0', '0000-00-00 00:00:00', '0', '0000-00-00 00:00:00'),
(574, 32, 'M02', 'Kabupaten Sorong Selatan', '', 0, 'y', '0', '0000-00-00 00:00:00', '0', '0000-00-00 00:00:00'),
(575, 32, 'M02', 'Kabupaten Tambrauw', '', 0, 'y', '0', '0000-00-00 00:00:00', '0', '0000-00-00 00:00:00'),
(576, 32, 'M02', 'Kabupaten Teluk Bintuni', '', 0, 'y', '0', '0000-00-00 00:00:00', '0', '0000-00-00 00:00:00'),
(577, 32, 'M02', 'Kabupaten Teluk Wondama', '', 0, 'y', '0', '0000-00-00 00:00:00', '0', '0000-00-00 00:00:00'),
(578, 32, 'M02', 'Kota Sorong', '', 0, 'y', '0', '0000-00-00 00:00:00', '0', '0000-00-00 00:00:00'),
(579, 33, 'M02', 'Kabupaten Merauke', '', 0, 'y', '0', '0000-00-00 00:00:00', '0', '0000-00-00 00:00:00'),
(580, 33, 'M02', 'Kabupaten Jayawijaya', '', 0, 'y', '0', '0000-00-00 00:00:00', '0', '0000-00-00 00:00:00'),
(581, 33, 'M02', 'Kabupaten Nabire', '', 0, 'y', '0', '0000-00-00 00:00:00', '0', '0000-00-00 00:00:00'),
(582, 33, 'M02', 'Kabupaten Kepulauan Yapen', '', 0, 'y', '0', '0000-00-00 00:00:00', '0', '0000-00-00 00:00:00'),
(583, 33, 'M02', 'Kabupaten Biak Numfor', '', 0, 'y', '0', '0000-00-00 00:00:00', '0', '0000-00-00 00:00:00'),
(584, 33, 'M02', 'Kabupaten Paniai', '', 0, 'y', '0', '0000-00-00 00:00:00', '0', '0000-00-00 00:00:00'),
(585, 33, 'M02', 'Kabupaten Puncak Jaya', '', 0, 'y', '0', '0000-00-00 00:00:00', '0', '0000-00-00 00:00:00'),
(586, 33, 'M02', 'Kabupaten Mimika', '', 0, 'y', '0', '0000-00-00 00:00:00', '0', '0000-00-00 00:00:00'),
(587, 33, 'M02', 'Kabupaten Boven Digoel', '', 0, 'y', '0', '0000-00-00 00:00:00', '0', '0000-00-00 00:00:00'),
(588, 33, 'M02', 'Kabupaten Mappi', '', 0, 'y', '0', '0000-00-00 00:00:00', '0', '0000-00-00 00:00:00'),
(589, 33, 'M02', 'Kabupaten Asmat', '', 0, 'y', '0', '0000-00-00 00:00:00', '0', '0000-00-00 00:00:00'),
(590, 33, 'M02', 'Kabupaten Yahukimo', '', 0, 'y', '0', '0000-00-00 00:00:00', '0', '0000-00-00 00:00:00'),
(591, 33, 'M02', 'Kabupaten Pegunungan Bintang', '', 0, 'y', '0', '0000-00-00 00:00:00', '0', '0000-00-00 00:00:00'),
(592, 33, 'M02', 'Kabupaten Tolikara', '', 0, 'y', '0', '0000-00-00 00:00:00', '0', '0000-00-00 00:00:00'),
(593, 33, 'M02', 'Kabupaten Sarmi', '', 0, 'y', '0', '0000-00-00 00:00:00', '0', '0000-00-00 00:00:00'),
(594, 33, 'M02', 'Kabupaten Keerom', '', 0, 'y', '0', '0000-00-00 00:00:00', '0', '0000-00-00 00:00:00'),
(595, 33, 'M02', 'Kabupaten Waropen', '', 0, 'y', '0', '0000-00-00 00:00:00', '0', '0000-00-00 00:00:00'),
(596, 33, 'M02', 'Kabupaten Jayapura', '', 0, 'y', '0', '0000-00-00 00:00:00', '0', '0000-00-00 00:00:00'),
(597, 33, 'M02', 'Kabupaten Deiyai', '', 0, 'y', '0', '0000-00-00 00:00:00', '0', '0000-00-00 00:00:00'),
(598, 33, 'M02', 'Kabupaten Dogiyai', '', 0, 'y', '0', '0000-00-00 00:00:00', '0', '0000-00-00 00:00:00'),
(599, 33, 'M02', 'Kabupaten Intan Jaya', '', 0, 'y', '0', '0000-00-00 00:00:00', '0', '0000-00-00 00:00:00'),
(600, 33, 'M02', 'Kabupaten Lanny Jaya', '', 0, 'y', '0', '0000-00-00 00:00:00', '0', '0000-00-00 00:00:00'),
(601, 33, 'M02', 'Kabupaten Mamberamo Raya', '', 0, 'y', '0', '0000-00-00 00:00:00', '0', '0000-00-00 00:00:00'),
(602, 33, 'M02', 'Kabupaten Mamberamo Tengah', '', 0, 'y', '0', '0000-00-00 00:00:00', '0', '0000-00-00 00:00:00'),
(603, 33, 'M02', 'Kabupaten Nduga', '', 0, 'y', '0', '0000-00-00 00:00:00', '0', '0000-00-00 00:00:00'),
(604, 33, 'M02', 'Kabupaten Puncak', '', 0, 'y', '0', '0000-00-00 00:00:00', '0', '0000-00-00 00:00:00'),
(605, 33, 'M02', 'Kabupaten Supiori', '', 0, 'y', '0', '0000-00-00 00:00:00', '0', '0000-00-00 00:00:00'),
(606, 33, 'M02', 'Kabupaten Yalimo', '', 0, 'y', '0', '0000-00-00 00:00:00', '0', '0000-00-00 00:00:00'),
(607, 33, 'M02', 'Kota Jayapura', '', 0, 'y', '0', '0000-00-00 00:00:00', '0', '0000-00-00 00:00:00'),
(608, 34, 'M02', 'Kabupaten Bulungan', '', 0, 'y', '0', '0000-00-00 00:00:00', '0', '0000-00-00 00:00:00'),
(609, 34, 'M02', 'Kabupaten Malinau', '', 0, 'y', '0', '0000-00-00 00:00:00', '0', '0000-00-00 00:00:00'),
(610, 34, 'M02', 'Kabupaten Nunukan', '', 0, 'y', '0', '0000-00-00 00:00:00', '0', '0000-00-00 00:00:00'),
(611, 34, 'M02', 'Kabupaten Tana Tidung', '', 0, 'y', '0', '0000-00-00 00:00:00', '0', '0000-00-00 00:00:00'),
(612, 34, 'M02', 'Kota Tarakan', '', 0, 'y', '0', '0000-00-00 00:00:00', '0', '0000-00-00 00:00:00'),
(613, 0, 'JR01', 'IPA', 'Jurusan IPA', 1, 'y', 'exporadev', '2016-01-23 14:56:50', '', '0000-00-00 00:00:00'),
(614, 0, 'JR01', 'Bahasa', 'Jurusan Bahasa', 2, 'y', 'exporadev', '2016-01-23 14:57:01', '', '0000-00-00 00:00:00'),
(615, 0, 'JR01', 'IPS', 'Jurusan IPS', 3, 'y', 'exporadev', '2016-01-23 14:57:10', '', '0000-00-00 00:00:00'),
(616, 613, 'KL01', 'I', 'IPA I', 1, 'y', 'exporadev', '2016-01-23 14:57:23', '', '0000-00-00 00:00:00'),
(617, 613, 'KL01', 'II', 'IPA II', 2, 'y', 'exporadev', '2016-01-23 14:57:35', '', '0000-00-00 00:00:00'),
(618, 613, 'KL01', 'III', 'IPA III', 3, 'y', 'exporadev', '2016-01-23 14:57:44', '', '0000-00-00 00:00:00'),
(619, 613, 'KL01', 'IV', 'IPA IV', 4, 'y', 'exporadev', '2016-01-23 14:57:53', '', '0000-00-00 00:00:00'),
(620, 614, 'KL01', 'I', 'Bahasa I', 1, 'y', 'exporadev', '2016-01-23 14:58:12', '', '0000-00-00 00:00:00'),
(621, 614, 'KL01', 'II', 'Bahasa II', 2, 'y', 'exporadev', '2016-01-23 14:58:22', '', '0000-00-00 00:00:00'),
(622, 614, 'KL01', 'III', 'Bahasa III', 3, 'y', 'exporadev', '2016-01-23 14:58:36', '', '0000-00-00 00:00:00'),
(623, 614, 'KL01', 'IV', 'Bahasa IV', 4, 'y', 'exporadev', '2016-01-23 14:58:46', '', '0000-00-00 00:00:00'),
(624, 615, 'KL01', 'I', 'IPS I', 1, 'y', 'exporadev', '2016-01-23 14:59:03', '', '0000-00-00 00:00:00'),
(625, 615, 'KL01', 'II', 'IPS II', 2, 'y', 'exporadev', '2016-01-23 14:59:15', '', '0000-00-00 00:00:00'),
(626, 615, 'KL01', 'III', 'IPS III', 3, 'y', 'exporadev', '2016-01-23 14:59:26', '', '0000-00-00 00:00:00'),
(627, 615, 'KL01', 'IV', 'IPS IV', 4, 'y', 'exporadev', '2016-01-23 14:59:35', '', '0000-00-00 00:00:00'),
(628, 615, 'KL01', 'V', 'IPS V', 5, 'y', 'exporadev', '2016-01-23 14:59:49', '', '0000-00-00 00:00:00');

-- --------------------------------------------------------

--
-- Table structure for table `master_menu`
--

CREATE TABLE `master_menu` (
  `idMenu` int(11) NOT NULL,
  `idModule` int(11) NOT NULL,
  `kodeInduk` int(11) NOT NULL,
  `namaMenu` varchar(50) NOT NULL,
  `keteranganMenu` varchar(255) NOT NULL,
  `resumeMenu` varchar(255) NOT NULL,
  `detailMenu` text NOT NULL,
  `targetMenu` varchar(50) NOT NULL,
  `iconMenu` varchar(50) NOT NULL,
  `orderMenu` int(11) NOT NULL,
  `statusMenu` char(1) NOT NULL,
  `createdBy` varchar(16) NOT NULL,
  `createdTime` datetime NOT NULL,
  `updatedBy` int(11) NOT NULL,
  `updatedTime` datetime NOT NULL
) ENGINE=InnoDB DEFAULT CHARSET=latin1;

--
-- Dumping data for table `master_menu`
--

INSERT INTO `master_menu` (`idMenu`, `idModule`, `kodeInduk`, `namaMenu`, `keteranganMenu`, `resumeMenu`, `detailMenu`, `targetMenu`, `iconMenu`, `orderMenu`, `statusMenu`, `createdBy`, `createdTime`, `updatedBy`, `updatedTime`) VALUES
(13, 1, 0, 'User Management', 'Keterangan\r\n', 'Resume\r\n', '', '', '', 1, 'y', '', '2016-02-17 22:20:40', 0, '2016-01-05 04:56:00'),
(14, 1, 13, 'User List', '', '', '', 'setting/user', '', 1, 'y', '', '2016-01-05 05:07:15', 0, '2016-01-05 04:58:02'),
(15, 1, 13, 'User Group', '', '', '', 'setting/role', '', 2, 'y', '', '2016-01-05 05:07:04', 0, '2016-01-05 05:00:29'),
(16, 1, 0, 'Module Management', '', '', '', 'setting/module', '', 2, 'y', '', '0000-00-00 00:00:00', 0, '2016-01-05 05:09:43'),
(17, 1, 0, 'Menu Management', '', '', '', 'setting/menu', '', 3, 'y', '', '0000-00-00 00:00:00', 0, '2016-01-05 05:11:03'),
(31, 5, 0, 'Produk', '', '', '', 'catalog/product', '', 0, 'y', '', '2016-03-02 22:34:25', 0, '2016-03-02 22:33:58'),
(32, 5, 0, 'Kategori', '', '', '', 'catalog/category', '', 1, 'y', '', '0000-00-00 00:00:00', 0, '2016-03-03 16:13:48'),
(33, 1, 0, 'Setting Attributes', '', '', '', 'setting/attributes', 'fa-dedent', 4, 'y', '', '0000-00-00 00:00:00', 0, '2016-03-04 02:16:38'),
(34, 5, 0, 'Atribut Katalog', '', '', '', 'catalog/attributes', '', 2, 'y', '', '2016-03-08 16:23:12', 0, '2016-03-08 16:22:56');

-- --------------------------------------------------------

--
-- Table structure for table `master_menu_privilege`
--

CREATE TABLE `master_menu_privilege` (
  `idMenuPrivilege` int(11) NOT NULL,
  `idMenu` int(11) NOT NULL,
  `actionMenuPrivilege` int(1) NOT NULL,
  `createdDate` datetime NOT NULL,
  `createdBy` int(11) NOT NULL,
  `modifiedDate` datetime NOT NULL,
  `modifiedBy` int(11) NOT NULL
) ENGINE=InnoDB DEFAULT CHARSET=latin1;

--
-- Dumping data for table `master_menu_privilege`
--

INSERT INTO `master_menu_privilege` (`idMenuPrivilege`, `idMenu`, `actionMenuPrivilege`, `createdDate`, `createdBy`, `modifiedDate`, `modifiedBy`) VALUES
(1, 17, 1, '0000-00-00 00:00:00', 0, '0000-00-00 00:00:00', 0),
(2, 17, 2, '0000-00-00 00:00:00', 0, '0000-00-00 00:00:00', 0),
(5, 13, 3, '0000-00-00 00:00:00', 0, '0000-00-00 00:00:00', 0),
(6, 31, 1, '0000-00-00 00:00:00', 0, '0000-00-00 00:00:00', 0),
(7, 31, 2, '0000-00-00 00:00:00', 0, '0000-00-00 00:00:00', 0),
(8, 31, 3, '0000-00-00 00:00:00', 0, '0000-00-00 00:00:00', 0),
(9, 31, 4, '0000-00-00 00:00:00', 0, '0000-00-00 00:00:00', 0);

-- --------------------------------------------------------

--
-- Table structure for table `master_module`
--

CREATE TABLE `master_module` (
  `idModule` int(11) NOT NULL,
  `nameModule` varchar(50) NOT NULL,
  `descModule` varchar(255) NOT NULL,
  `targetModule` varchar(255) NOT NULL,
  `iconModule` varchar(255) NOT NULL,
  `orderModule` int(11) NOT NULL,
  `statusModule` enum('Tampil','Tidak Tampil') NOT NULL,
  `createdBy` varchar(50) NOT NULL,
  `createdDate` datetime NOT NULL,
  `modifiedBy` varchar(50) NOT NULL,
  `modifiedDate` datetime NOT NULL
) ENGINE=InnoDB DEFAULT CHARSET=latin1;

--
-- Dumping data for table `master_module`
--

INSERT INTO `master_module` (`idModule`, `nameModule`, `descModule`, `targetModule`, `iconModule`, `orderModule`, `statusModule`, `createdBy`, `createdDate`, `modifiedBy`, `modifiedDate`) VALUES
(1, 'Setting', '', 'dashboard', 'fa-cogs', 4, 'Tampil', '', '0000-00-00 00:00:00', '', '0000-00-00 00:00:00'),
(4, 'Dashboard', 'Ini dashboard', '', 'fa-align-justify', 1, 'Tampil', '', '0000-00-00 00:00:00', '', '2016-03-02 21:56:26'),
(5, 'Catalog', 'Ini catalog', '', 'fa-bookmark-o', 2, 'Tampil', 'exporadev', '2016-03-02 22:08:32', '', '0000-00-00 00:00:00');

-- --------------------------------------------------------

--
-- Table structure for table `master_user_role`
--

CREATE TABLE `master_user_role` (
  `idRole` int(11) NOT NULL,
  `namaRole` varchar(255) NOT NULL,
  `descRole` varchar(255) NOT NULL
) ENGINE=InnoDB DEFAULT CHARSET=latin1;

--
-- Dumping data for table `master_user_role`
--

INSERT INTO `master_user_role` (`idRole`, `namaRole`, `descRole`) VALUES
(1, 'Developer', ''),
(2, 'Superadmin', ''),
(3, 'Admin', ''),
(4, 'Anggota', '');

-- --------------------------------------------------------

--
-- Table structure for table `member_confirmation`
--

CREATE TABLE `member_confirmation` (
  `id` int(11) NOT NULL,
  `username` varchar(20) NOT NULL,
  `confirmation_code` varchar(255) NOT NULL,
  `confirmation_datetime` varchar(255) NOT NULL
) ENGINE=InnoDB DEFAULT CHARSET=latin1;

--
-- Dumping data for table `member_confirmation`
--

INSERT INTO `member_confirmation` (`id`, `username`, `confirmation_code`, `confirmation_datetime`) VALUES
(6, 'yuri', '99bdb0437ecabdfd38413506831a9ad46509d714', '2016-01-28 07:10:01');

-- --------------------------------------------------------

--
-- Table structure for table `member_send_email`
--

CREATE TABLE `member_send_email` (
  `alamatEmail` varchar(100) NOT NULL,
  `subjectEmail` varchar(150) NOT NULL,
  `isiEmail` text NOT NULL,
  `createTime` datetime NOT NULL,
  `updateTime` datetime NOT NULL,
  `statusEmail` varchar(30) NOT NULL
) ENGINE=InnoDB DEFAULT CHARSET=latin1;

-- --------------------------------------------------------

--
-- Table structure for table `pengaturan_attribute`
--

CREATE TABLE `pengaturan_attribute` (
  `idPAttribute` int(11) NOT NULL,
  `idMenu` int(11) NOT NULL,
  `namePAttribute` varchar(255) NOT NULL,
  `createdDate` datetime NOT NULL,
  `createdBy` varchar(50) NOT NULL,
  `modifiedDate` datetime NOT NULL,
  `modifiedBy` varchar(50) NOT NULL
) ENGINE=InnoDB DEFAULT CHARSET=latin1;

--
-- Dumping data for table `pengaturan_attribute`
--

INSERT INTO `pengaturan_attribute` (`idPAttribute`, `idMenu`, `namePAttribute`, `createdDate`, `createdBy`, `modifiedDate`, `modifiedBy`) VALUES
(2, 17, 'Menu Privilege', '2016-01-20 19:54:46', 'fajrin1243', '2016-01-20 20:34:33', '');

-- --------------------------------------------------------

--
-- Table structure for table `pengaturan_attribute_detail`
--

CREATE TABLE `pengaturan_attribute_detail` (
  `idPAttributeDetail` int(11) NOT NULL,
  `idPAttribute` int(11) NOT NULL,
  `namePAttributeDetail` varchar(255) NOT NULL,
  `createdDate` datetime NOT NULL,
  `createdBy` varchar(50) NOT NULL,
  `modifiedDate` datetime NOT NULL,
  `modifiedBy` varchar(50) NOT NULL
) ENGINE=InnoDB DEFAULT CHARSET=latin1;

--
-- Dumping data for table `pengaturan_attribute_detail`
--

INSERT INTO `pengaturan_attribute_detail` (`idPAttributeDetail`, `idPAttribute`, `namePAttributeDetail`, `createdDate`, `createdBy`, `modifiedDate`, `modifiedBy`) VALUES
(1, 2, 'View', '2016-01-20 20:34:33', 'fajrin1243', '0000-00-00 00:00:00', ''),
(2, 2, 'Create', '2016-01-20 20:34:34', 'fajrin1243', '0000-00-00 00:00:00', ''),
(3, 2, 'Update', '2016-01-20 20:34:34', 'fajrin1243', '0000-00-00 00:00:00', ''),
(4, 2, 'Delete', '2016-01-20 20:34:34', 'fajrin1243', '0000-00-00 00:00:00', '');

-- --------------------------------------------------------

--
-- Table structure for table `privilege_user`
--

CREATE TABLE `privilege_user` (
  `idPrivilege` int(11) NOT NULL,
  `idRole` int(11) NOT NULL,
  `menuPrivilege` int(11) NOT NULL,
  `actionPrivilege` int(11) NOT NULL,
  `created_date` datetime NOT NULL
) ENGINE=InnoDB DEFAULT CHARSET=latin1;

-- --------------------------------------------------------

--
-- Table structure for table `sessions`
--

CREATE TABLE `sessions` (
  `id` varchar(40) DEFAULT NULL,
  `ip_address` varchar(45) DEFAULT NULL,
  `timestamp` int(10) UNSIGNED DEFAULT '0',
  `data` blob,
  `last_activity` varchar(255) DEFAULT NULL
) ENGINE=InnoDB DEFAULT CHARSET=latin1;

--
-- Dumping data for table `sessions`
--

INSERT INTO `sessions` (`id`, `ip_address`, `timestamp`, `data`, `last_activity`) VALUES
('901d78a71e57b88fc74499242a1b331880cf60ff', '127.0.0.1', 1455040073, 0x5f5f63695f6c6173745f726567656e65726174657c693a313435353033393936303b6964557365727c733a313a2233223b757365726e616d65557365727c733a393a226578706f7261646576223b70686f6e657c733a393a22313233343536373839223b726f6c65557365727c733a313a2231223b6c6f676765645f696e7c623a313b, NULL),
('4c94cb7948e64a77a297080da2e5b235e6fb3c56', '127.0.0.1', 1455040017, 0x5f5f63695f6c6173745f726567656e65726174657c693a313435353034303031373b, NULL),
('8cf2796516a3ef3d6903ac7ea9dc3647f7769b6a', '127.0.0.1', 1455040020, 0x5f5f63695f6c6173745f726567656e65726174657c693a313435353034303032303b, NULL),
('98b9aa3345e89f27f05fe7b0ea924881dd87bd1e', '127.0.0.1', 1455040064, 0x5f5f63695f6c6173745f726567656e65726174657c693a313435353034303036343b, NULL),
('383cedc83135704d8b8c20a794464a425b3b2c29', '127.0.0.1', 1455040401, 0x5f5f63695f6c6173745f726567656e65726174657c693a313435353034303430313b, NULL),
('76046e265c7c41cc42225816f804183588533f58', '127.0.0.1', 1455040750, 0x5f5f63695f6c6173745f726567656e65726174657c693a313435353034303435393b6964557365727c733a313a2233223b70686f6e657c733a393a22313233343536373839223b757365726e616d65557365727c733a393a226578706f7261646576223b726f6c65557365727c733a313a2231223b6c6f676765645f696e7c623a313b, NULL),
('d426918af2f81be1a25415b8a2ae40bf7b4d53f9', '127.0.0.1', 1455040577, 0x5f5f63695f6c6173745f726567656e65726174657c693a313435353034303537373b, NULL),
('006f60821aa83ca7d19a7565450f861eeacf2137', '127.0.0.1', 1455040613, 0x5f5f63695f6c6173745f726567656e65726174657c693a313435353034303631333b, NULL),
('1425087fea27790c5e08042399433b486aac222a', '127.0.0.1', 1455040753, 0x5f5f63695f6c6173745f726567656e65726174657c693a313435353034303735333b, NULL),
('42f1c35257302ef4cae41df96c3dc773a71132a0', '127.0.0.1', 1455040778, 0x5f5f63695f6c6173745f726567656e65726174657c693a313435353034303737383b, NULL),
('7573553e13b6c2e5111710b8e830372b44a18742', '127.0.0.1', 1455040820, 0x5f5f63695f6c6173745f726567656e65726174657c693a313435353034303832303b, NULL),
('d42cb96adf52d40696f5312f9aa15e9767792df7', '127.0.0.1', 1455040979, 0x5f5f63695f6c6173745f726567656e65726174657c693a313435353034303832323b6964557365727c733a313a2233223b70686f6e657c733a393a22313233343536373839223b757365726e616d65557365727c733a393a226578706f7261646576223b726f6c65557365727c733a313a2231223b6c6f676765645f696e7c623a313b, NULL),
('05116bae9fbe85c0eb4afcd8a7e4bf953dfe4954', '127.0.0.1', 1455040834, 0x5f5f63695f6c6173745f726567656e65726174657c693a313435353034303833343b, NULL),
('0aadbb6ee8a94b7950bace8ba3038ee217735d98', '127.0.0.1', 1455040982, 0x5f5f63695f6c6173745f726567656e65726174657c693a313435353034303938323b, NULL),
('6e62b0bf5ac45520e32e34ba0ed30adba12a7b55', '127.0.0.1', 1455041410, 0x5f5f63695f6c6173745f726567656e65726174657c693a313435353034313337363b6964557365727c733a313a2233223b70686f6e657c733a393a22313233343536373839223b757365726e616d65557365727c733a393a226578706f7261646576223b726f6c65557365727c733a313a2231223b6c6f676765645f696e7c623a313b, NULL),
('4b3280a10c84dba6022205bd8fdc4eb972f9d9d4', '127.0.0.1', 1455041380, 0x5f5f63695f6c6173745f726567656e65726174657c693a313435353034313338303b, NULL),
('3cb6c9c815f1f0e4b4532740eb7c53620c00b923', '127.0.0.1', 1455041404, 0x5f5f63695f6c6173745f726567656e65726174657c693a313435353034313430343b, NULL),
('db77c6ad844be13145d967cb613a464c6d5cab83', '127.0.0.1', 1455041883, 0x5f5f63695f6c6173745f726567656e65726174657c693a313435353034313838333b, NULL),
('de082192c3faec54fecd52c209c26cd908c5dcd7', '127.0.0.1', 1455042119, 0x5f5f63695f6c6173745f726567656e65726174657c693a313435353034313930303b6964557365727c733a313a2233223b70686f6e657c733a393a22313233343536373839223b757365726e616d65557365727c733a393a226578706f7261646576223b726f6c65557365727c733a313a2231223b6c6f676765645f696e7c623a313b, NULL),
('4e1e88c6e4c4586220771cc0eb61e56c7af13acf', '127.0.0.1', 1455041912, 0x5f5f63695f6c6173745f726567656e65726174657c693a313435353034313931323b, NULL),
('79c3dc57cab664145b6b6939fde916a9b32dcc6c', '127.0.0.1', 1455042010, 0x5f5f63695f6c6173745f726567656e65726174657c693a313435353034323031303b, NULL),
('56b42238c32cbc23d1073d4508e98e01223c427b', '127.0.0.1', 1455042097, 0x5f5f63695f6c6173745f726567656e65726174657c693a313435353034323039373b, NULL),
('0f842e2c2de1b0028c7787297f877ea2ed992f43', '127.0.0.1', 1455042122, 0x5f5f63695f6c6173745f726567656e65726174657c693a313435353034323132323b, NULL),
('614e463e83b968ec1dbe86d03083a7cb625c4e6a', '127.0.0.1', 1455042501, 0x5f5f63695f6c6173745f726567656e65726174657c693a313435353034323332383b6964557365727c733a313a2233223b70686f6e657c733a393a22313233343536373839223b757365726e616d65557365727c733a393a226578706f7261646576223b726f6c65557365727c733a313a2231223b6c6f676765645f696e7c623a313b, NULL),
('bafba98105abc2eaec02e9c90b7085cea96140a8', '127.0.0.1', 1455042333, 0x5f5f63695f6c6173745f726567656e65726174657c693a313435353034323333333b, NULL),
('92bddc89c80bca9b0be9f2d20a823ec029938aea', '127.0.0.1', 1455042506, 0x5f5f63695f6c6173745f726567656e65726174657c693a313435353034323530363b, NULL),
('d946bac308ee313198677a1c31767936a8950b52', '127.0.0.1', 1455042841, 0x5f5f63695f6c6173745f726567656e65726174657c693a313435353034323731303b6964557365727c733a313a2233223b70686f6e657c733a393a22313233343536373839223b757365726e616d65557365727c733a393a226578706f7261646576223b726f6c65557365727c733a313a2231223b6c6f676765645f696e7c623a313b, NULL),
('e783bf7f3eccd1de869a3574e26b300df9347bf7', '127.0.0.1', 1455042714, 0x5f5f63695f6c6173745f726567656e65726174657c693a313435353034323731343b, NULL),
('c32039d76f45242986e4f49b5b87fbcfbce74da7', '127.0.0.1', 1455042736, 0x5f5f63695f6c6173745f726567656e65726174657c693a313435353034323733353b, NULL),
('2947bf8f9ee35501b5adff8a170f8ecfcba58293', '127.0.0.1', 1455042749, 0x5f5f63695f6c6173745f726567656e65726174657c693a313435353034323734393b, NULL),
('fe19f853409a47dd5fc606601368086ed24a74d2', '127.0.0.1', 1455042771, 0x5f5f63695f6c6173745f726567656e65726174657c693a313435353034323737313b, NULL),
('034de697b5e33c70273de6fb8984f2ebf50ac2ee', '127.0.0.1', 1455042842, 0x5f5f63695f6c6173745f726567656e65726174657c693a313435353034323834323b, NULL),
('d7f6e6748ec03e0066a7cd4f7a5425ced74a0f9a', '127.0.0.1', 1455043317, 0x5f5f63695f6c6173745f726567656e65726174657c693a313435353034333331373b, NULL),
('b2e4f8f01403110c2eecd35b4d9dba3f15e18489', '127.0.0.1', 1455043317, 0x5f5f63695f6c6173745f726567656e65726174657c693a313435353034333331373b, NULL),
('ded655518e5c2899e8f0c8dbd1f2ae8ff2584770', '127.0.0.1', 1455043594, 0x5f5f63695f6c6173745f726567656e65726174657c693a313435353034333539343b, NULL),
('683197870dcd94af6d39b4ec9d0c1acc51d30819', '127.0.0.1', 1455043594, 0x5f5f63695f6c6173745f726567656e65726174657c693a313435353034333539343b, NULL),
('236bf5c010802394e1ebca72f567a4a69d849e83', '127.0.0.1', 1455043617, 0x5f5f63695f6c6173745f726567656e65726174657c693a313435353034333631373b, NULL),
('e663eb74c0304395ccd6c5e4c560cf693c5e7e30', '127.0.0.1', 1455043617, 0x5f5f63695f6c6173745f726567656e65726174657c693a313435353034333631373b, NULL),
('31e9c8d42e78cc5509496aa1bf21f615890a8a21', '127.0.0.1', 1455043742, 0x5f5f63695f6c6173745f726567656e65726174657c693a313435353034333734323b, NULL),
('f924c3602ab2250800c72002ae333f9bceaecb59', '127.0.0.1', 1455043742, 0x5f5f63695f6c6173745f726567656e65726174657c693a313435353034333734323b, NULL),
('d3ed5fef44b9928ce0187e5f7aad5a324d75ab9c', '127.0.0.1', 1455043788, 0x5f5f63695f6c6173745f726567656e65726174657c693a313435353034333738383b, NULL),
('31fd1c2f6d990230ea672dc60fbcba8884c34461', '127.0.0.1', 1455043789, 0x5f5f63695f6c6173745f726567656e65726174657c693a313435353034333738393b, NULL),
('0801c155a737399218645c6c4e52cdd304b016ad', '127.0.0.1', 1455043913, 0x5f5f63695f6c6173745f726567656e65726174657c693a313435353034333931333b, NULL),
('9afc0dc1748b4e0c0a70a13178d6db81f4d6f3ce', '127.0.0.1', 1455043914, 0x5f5f63695f6c6173745f726567656e65726174657c693a313435353034333931343b, NULL),
('2de980af7dffc6895a82e07056983063deef3056', '127.0.0.1', 1455043918, 0x5f5f63695f6c6173745f726567656e65726174657c693a313435353034333931383b, NULL),
('42ca3464639ce125b38ff872741bf13a58a501b1', '127.0.0.1', 1455043918, 0x5f5f63695f6c6173745f726567656e65726174657c693a313435353034333931383b, NULL),
('fee6d5f47b91e2d7a4e1c0060dd74588f1295586', '127.0.0.1', 1455043918, 0x5f5f63695f6c6173745f726567656e65726174657c693a313435353034333931383b, NULL),
('776e12041b077826870c12a6a961116c9815cfab', '127.0.0.1', 1455043918, 0x5f5f63695f6c6173745f726567656e65726174657c693a313435353034333931383b, NULL),
('666d1313cb182906fcdf2f226efc4c62e1c56820', '127.0.0.1', 1455043937, 0x5f5f63695f6c6173745f726567656e65726174657c693a313435353034333933373b, NULL),
('eae9a9dbb08a03800d3182e13405e13d22c00f89', '127.0.0.1', 1455043938, 0x5f5f63695f6c6173745f726567656e65726174657c693a313435353034333933383b, NULL),
('577069247320889ebd791429c71204d7bbc919d6', '127.0.0.1', 1455044106, 0x5f5f63695f6c6173745f726567656e65726174657c693a313435353034343130363b, NULL),
('f4e2748f32037372560ef69a954f88289c4c2c76', '127.0.0.1', 1455044106, 0x5f5f63695f6c6173745f726567656e65726174657c693a313435353034343130363b, NULL),
('e89c001500741063aeb0e55f4e62d8acc7d74188', '127.0.0.1', 1455044124, 0x5f5f63695f6c6173745f726567656e65726174657c693a313435353034343132343b, NULL),
('a7707dd639e66d09547e227f29d814386f45829c', '127.0.0.1', 1455044125, 0x5f5f63695f6c6173745f726567656e65726174657c693a313435353034343132353b, NULL),
('9a6dc9f1ef2f5199a2799081eb361970bf89df02', '127.0.0.1', 1455044312, 0x5f5f63695f6c6173745f726567656e65726174657c693a313435353034343331323b, NULL),
('c49d2fa64029184a10a505a981d65599c47f5b46', '127.0.0.1', 1455044333, 0x5f5f63695f6c6173745f726567656e65726174657c693a313435353034343333333b, NULL),
('93a2a0bd7bebb72a5014a632bb619f2c31e1fbc5', '127.0.0.1', 1455044406, 0x5f5f63695f6c6173745f726567656e65726174657c693a313435353034343430363b, NULL),
('a5220ae301dc0855b1c869d90aadc5185627c5e7', '127.0.0.1', 1455044434, 0x5f5f63695f6c6173745f726567656e65726174657c693a313435353034343433343b, NULL),
('b8011024b4d195f3f4d53a93d6d4c27eb66cb778', '127.0.0.1', 1455044445, 0x5f5f63695f6c6173745f726567656e65726174657c693a313435353034343434353b, NULL),
('e8c3918799eac50d27a9ee04dbde86e8d229b15d', '127.0.0.1', 1455044526, 0x5f5f63695f6c6173745f726567656e65726174657c693a313435353034343532363b, NULL),
('73dce0339ebf5db3d3e4f2b14e95b7a163cd935f', '127.0.0.1', 1455554909, 0x5f5f63695f6c6173745f726567656e65726174657c693a313435353535343930393b, NULL),
('cbb3f997b7bb72aae451c7b6d65edd79fa89a8e6', '127.0.0.1', 1455554924, 0x5f5f63695f6c6173745f726567656e65726174657c693a313435353535343931343b6964557365727c733a313a2233223b70686f6e657c733a393a22313233343536373839223b757365726e616d65557365727c733a393a226578706f7261646576223b726f6c65557365727c733a313a2231223b6c6f676765645f696e7c623a313b, NULL),
('8bbd61bedc5f34e42ad5bf841d6331c91ff843e6', '127.0.0.1', 1455681565, 0x5f5f63695f6c6173745f726567656e65726174657c693a313435353638313535343b, NULL),
('7c7770413a89cbec1bcfaa2866abe010a9976a30', '127.0.0.1', 1455681821, 0x5f5f63695f6c6173745f726567656e65726174657c693a313435353638313537323b6964557365727c733a313a2233223b70686f6e657c733a393a22313233343536373839223b757365726e616d65557365727c733a393a226578706f7261646576223b726f6c65557365727c733a313a2231223b6c6f676765645f696e7c623a313b717c4e3b, NULL),
('2f8235c7c2b518b9044c5462c4e162dad0cd3d3b', '127.0.0.1', 1455681601, 0x5f5f63695f6c6173745f726567656e65726174657c693a313435353638313630313b, NULL),
('0f5273720faaf33ed752b4e539fa21b830445b56', '127.0.0.1', 1455681601, 0x5f5f63695f6c6173745f726567656e65726174657c693a313435353638313630313b, NULL),
('e328f61798f08294bcb355d7a100cb4a62f280de', '127.0.0.1', 1455681669, 0x5f5f63695f6c6173745f726567656e65726174657c693a313435353638313636393b, NULL),
('aca78a58c166ec971bff77b7174a22d9a4902695', '127.0.0.1', 1455681669, 0x5f5f63695f6c6173745f726567656e65726174657c693a313435353638313636393b, NULL),
('804a17f37393e155b4f47d861a9eb07d665b1a78', '127.0.0.1', 1455681685, 0x5f5f63695f6c6173745f726567656e65726174657c693a313435353638313638353b, NULL),
('ca49a772dcb83d2318ec858130c11dfa475dc994', '127.0.0.1', 1455681685, 0x5f5f63695f6c6173745f726567656e65726174657c693a313435353638313638353b, NULL),
('06810e9f76b612f9dee4ac4ea98dd4d48a8a2ac6', '127.0.0.1', 1455682552, 0x5f5f63695f6c6173745f726567656e65726174657c693a313435353638323531373b6964557365727c733a313a2233223b70686f6e657c733a393a22313233343536373839223b757365726e616d65557365727c733a393a226578706f7261646576223b726f6c65557365727c733a313a2231223b6c6f676765645f696e7c623a313b717c4e3b, NULL),
('984743b4a41d51168584f3468ac22667fae1f5d3', '127.0.0.1', 1455682554, 0x5f5f63695f6c6173745f726567656e65726174657c693a313435353638323535343b, NULL),
('264b96ac30ff5958134f4f2b87e45710744b785f', '127.0.0.1', 1455682554, 0x5f5f63695f6c6173745f726567656e65726174657c693a313435353638323535343b, NULL),
('ad88842e8bccb474f405f8117a753681f3ba45ca', '127.0.0.1', 1455682571, 0x5f5f63695f6c6173745f726567656e65726174657c693a313435353638323537313b, NULL),
('1ac22e0e4cb1320186dcb701897c5768263e075d', '127.0.0.1', 1455682571, 0x5f5f63695f6c6173745f726567656e65726174657c693a313435353638323537313b, NULL),
('7b0087bf33f50ecfafc8ffa7f8323efc413e7202', '127.0.0.1', 1455682913, 0x5f5f63695f6c6173745f726567656e65726174657c693a313435353638323930383b6964557365727c733a313a2233223b70686f6e657c733a393a22313233343536373839223b757365726e616d65557365727c733a393a226578706f7261646576223b726f6c65557365727c733a313a2231223b6c6f676765645f696e7c623a313b717c4e3b, NULL),
('81bb9835befb76183ea00c454598ca18f6c77185', '127.0.0.1', 1455684075, 0x5f5f63695f6c6173745f726567656e65726174657c693a313435353638333939343b6964557365727c733a313a2233223b70686f6e657c733a393a22313233343536373839223b757365726e616d65557365727c733a393a226578706f7261646576223b726f6c65557365727c733a313a2231223b6c6f676765645f696e7c623a313b717c4e3b, NULL),
('f93f681ff49de2bb590e4955e5f75029cc021590', '127.0.0.1', 1455684005, 0x5f5f63695f6c6173745f726567656e65726174657c693a313435353638343030343b, NULL),
('dc202a74ba75c7cc5b441b05b07fd56f5c7a46d8', '127.0.0.1', 1455684005, 0x5f5f63695f6c6173745f726567656e65726174657c693a313435353638343030353b, NULL),
('4c57f9e52446a09965275604d7aa8210115ad78b', '127.0.0.1', 1455684039, 0x5f5f63695f6c6173745f726567656e65726174657c693a313435353638343033393b, NULL),
('8d83bc49ee8377894af64487a498095dc74a5047', '127.0.0.1', 1455684039, 0x5f5f63695f6c6173745f726567656e65726174657c693a313435353638343033393b, NULL),
('a422ab2be21051e4ab8dcddc46d207c81c1c5fb5', '127.0.0.1', 1455684071, 0x5f5f63695f6c6173745f726567656e65726174657c693a313435353638343037313b, NULL),
('cc7b8f60e4b09bd3b5e4ace9e0c5d16388e5f708', '127.0.0.1', 1455684071, 0x5f5f63695f6c6173745f726567656e65726174657c693a313435353638343037313b, NULL),
('d562dc87a4156d03f9685c5f827d0f66f8ed6249', '127.0.0.1', 1455684955, 0x5f5f63695f6c6173745f726567656e65726174657c693a313435353638343836313b6964557365727c733a313a2233223b70686f6e657c733a393a22313233343536373839223b757365726e616d65557365727c733a393a226578706f7261646576223b726f6c65557365727c733a313a2231223b6c6f676765645f696e7c623a313b717c4e3b, NULL),
('bdf9f10e89c7e5034533510610b00ab270cdd141', '127.0.0.1', 1455685299, 0x5f5f63695f6c6173745f726567656e65726174657c693a313435353638353137343b6964557365727c733a313a2233223b70686f6e657c733a393a22313233343536373839223b757365726e616d65557365727c733a393a226578706f7261646576223b726f6c65557365727c733a313a2231223b6c6f676765645f696e7c623a313b717c4e3b, NULL),
('06b52997e1ed903a4e38b68dca073a9ec79b59cc', '127.0.0.1', 1455686008, 0x5f5f63695f6c6173745f726567656e65726174657c693a313435353638353934383b6964557365727c733a313a2233223b70686f6e657c733a393a22313233343536373839223b757365726e616d65557365727c733a393a226578706f7261646576223b726f6c65557365727c733a313a2231223b6c6f676765645f696e7c623a313b717c4e3b, NULL),
('7e29352bd9c58fbe23e1e3c419e24b72617d7a7d', '127.0.0.1', 1455686791, 0x5f5f63695f6c6173745f726567656e65726174657c693a313435353638363732353b6964557365727c733a313a2233223b70686f6e657c733a393a22313233343536373839223b757365726e616d65557365727c733a393a226578706f7261646576223b726f6c65557365727c733a313a2231223b6c6f676765645f696e7c623a313b717c4e3b, NULL),
('d19d69e65977ce98ac8d0699d2bf0294e43d6fe5', '127.0.0.1', 1455687718, 0x5f5f63695f6c6173745f726567656e65726174657c693a313435353638373433323b6964557365727c733a313a2233223b70686f6e657c733a393a22313233343536373839223b757365726e616d65557365727c733a393a226578706f7261646576223b726f6c65557365727c733a313a2231223b6c6f676765645f696e7c623a313b717c4e3b, NULL),
('932b286bec0d65e174a55055f9164ad553361e5f', '127.0.0.1', 1455688031, 0x5f5f63695f6c6173745f726567656e65726174657c693a313435353638373733333b6964557365727c733a313a2233223b70686f6e657c733a393a22313233343536373839223b757365726e616d65557365727c733a393a226578706f7261646576223b726f6c65557365727c733a313a2231223b6c6f676765645f696e7c623a313b717c4e3b, NULL),
('2afc4b6db08c66c912425b2d9cedc813bb3b7dce', '127.0.0.1', 1455688296, 0x5f5f63695f6c6173745f726567656e65726174657c693a313435353638383035363b6964557365727c733a313a2233223b70686f6e657c733a393a22313233343536373839223b757365726e616d65557365727c733a393a226578706f7261646576223b726f6c65557365727c733a313a2231223b6c6f676765645f696e7c623a313b717c4e3b, NULL),
('3ece339290721f7d39771c3d55ece69c6ff09b48', '127.0.0.1', 1455689428, 0x5f5f63695f6c6173745f726567656e65726174657c693a313435353638393137313b6964557365727c733a313a2233223b70686f6e657c733a393a22313233343536373839223b757365726e616d65557365727c733a393a226578706f7261646576223b726f6c65557365727c733a313a2231223b6c6f676765645f696e7c623a313b717c4e3b, NULL),
('59af14fedf73941f499706d10a8e5734d1433e98', '127.0.0.1', 1455689560, 0x5f5f63695f6c6173745f726567656e65726174657c693a313435353638393438313b6964557365727c733a313a2233223b70686f6e657c733a393a22313233343536373839223b757365726e616d65557365727c733a393a226578706f7261646576223b726f6c65557365727c733a313a2231223b6c6f676765645f696e7c623a313b717c4e3b, NULL),
('f40322e0f080afd6f24515e2b171ed9f78eb9b8f', '127.0.0.1', 1455690812, 0x5f5f63695f6c6173745f726567656e65726174657c693a313435353639303535373b6964557365727c733a313a2233223b70686f6e657c733a393a22313233343536373839223b757365726e616d65557365727c733a393a226578706f7261646576223b726f6c65557365727c733a313a2231223b6c6f676765645f696e7c623a313b717c4e3b, NULL),
('2eb31fb1a24e41a025fda32baa6c693764224a2a', '127.0.0.1', 1455691180, 0x5f5f63695f6c6173745f726567656e65726174657c693a313435353639303839323b6964557365727c733a313a2233223b70686f6e657c733a393a22313233343536373839223b757365726e616d65557365727c733a393a226578706f7261646576223b726f6c65557365727c733a313a2231223b6c6f676765645f696e7c623a313b717c4e3b, NULL),
('abe7f0576025e5445dc9b1633b4a3e5b59501264', '127.0.0.1', 1455691261, 0x5f5f63695f6c6173745f726567656e65726174657c693a313435353639313236303b6964557365727c733a313a2233223b70686f6e657c733a393a22313233343536373839223b757365726e616d65557365727c733a393a226578706f7261646576223b726f6c65557365727c733a313a2231223b6c6f676765645f696e7c623a313b717c4e3b, NULL),
('b3a25f1fdb22b8dde591309b3ae28404ad4c2ad3', '127.0.0.1', 1455692756, 0x5f5f63695f6c6173745f726567656e65726174657c693a313435353639323631313b6964557365727c733a313a2233223b70686f6e657c733a393a22313233343536373839223b757365726e616d65557365727c733a393a226578706f7261646576223b726f6c65557365727c733a313a2231223b6c6f676765645f696e7c623a313b717c4e3b, NULL),
('c6232a7878c9529e95bbc8afc2ce56568c846c64', '127.0.0.1', 1455693163, 0x5f5f63695f6c6173745f726567656e65726174657c693a313435353639333131303b6964557365727c733a313a2233223b70686f6e657c733a393a22313233343536373839223b757365726e616d65557365727c733a393a226578706f7261646576223b726f6c65557365727c733a313a2231223b6c6f676765645f696e7c623a313b717c4e3b, NULL),
('b90450a5ce2bf40e0598b40a44b36abb5038ade2', '127.0.0.1', 1455693838, 0x5f5f63695f6c6173745f726567656e65726174657c693a313435353639333636383b6964557365727c733a313a2233223b70686f6e657c733a393a22313233343536373839223b757365726e616d65557365727c733a393a226578706f7261646576223b726f6c65557365727c733a313a2231223b6c6f676765645f696e7c623a313b717c4e3b, NULL),
('2878caf03b8f640c4c4ade8d1e2aa5a8d2844f26', '127.0.0.1', 1455708014, 0x5f5f63695f6c6173745f726567656e65726174657c693a313435353730383031343b, NULL),
('b5171aeb5fbd9a87c577e19f097c8507b21c8696', '127.0.0.1', 1455708105, 0x5f5f63695f6c6173745f726567656e65726174657c693a313435353730383032393b, NULL),
('80724ae3ff2a9441ea94f873b8a12c76201b1479', '127.0.0.1', 1455708407, 0x5f5f63695f6c6173745f726567656e65726174657c693a313435353730383131303b6964557365727c733a313a2233223b70686f6e657c733a393a22313233343536373839223b757365726e616d65557365727c733a393a226578706f7261646576223b726f6c65557365727c733a313a2231223b6c6f676765645f696e7c623a313b, NULL),
('b0e421d3e8bd6d8627d4d1ddedd3705a41bcc054', '127.0.0.1', 1455708823, 0x5f5f63695f6c6173745f726567656e65726174657c693a313435353730383532363b6964557365727c733a313a2233223b70686f6e657c733a393a22313233343536373839223b757365726e616d65557365727c733a393a226578706f7261646576223b726f6c65557365727c733a313a2231223b6c6f676765645f696e7c623a313b, NULL),
('4639ac6656900e19b3ae62dd87d2b26482236032', '127.0.0.1', 1455709187, 0x5f5f63695f6c6173745f726567656e65726174657c693a313435353730383932383b6964557365727c733a313a2233223b70686f6e657c733a393a22313233343536373839223b757365726e616d65557365727c733a393a226578706f7261646576223b726f6c65557365727c733a313a2231223b6c6f676765645f696e7c623a313b, NULL),
('bb5c09b41ca11af464ac8eca12c4171b2d5a71b0', '127.0.0.1', 1455709944, 0x5f5f63695f6c6173745f726567656e65726174657c693a313435353730393730353b6964557365727c733a313a2233223b70686f6e657c733a393a22313233343536373839223b757365726e616d65557365727c733a393a226578706f7261646576223b726f6c65557365727c733a313a2231223b6c6f676765645f696e7c623a313b, NULL),
('fd54dd34a26fe7f35ff29bfd01990e3b6d84f2a1', '127.0.0.1', 1455710264, 0x5f5f63695f6c6173745f726567656e65726174657c693a313435353731303130333b6964557365727c733a313a2233223b70686f6e657c733a393a22313233343536373839223b757365726e616d65557365727c733a393a226578706f7261646576223b726f6c65557365727c733a313a2231223b6c6f676765645f696e7c623a313b, NULL),
('b23671c877bee0e35926939b180e5450056ba03b', '127.0.0.1', 1455710644, 0x5f5f63695f6c6173745f726567656e65726174657c693a313435353731303435373b6964557365727c733a313a2233223b70686f6e657c733a393a22313233343536373839223b757365726e616d65557365727c733a393a226578706f7261646576223b726f6c65557365727c733a313a2231223b6c6f676765645f696e7c623a313b, NULL),
('1c946e05da5280d0535745ecad87edfe4ab09def', '127.0.0.1', 1455711090, 0x5f5f63695f6c6173745f726567656e65726174657c693a313435353731303937363b6964557365727c733a313a2233223b70686f6e657c733a393a22313233343536373839223b757365726e616d65557365727c733a393a226578706f7261646576223b726f6c65557365727c733a313a2231223b6c6f676765645f696e7c623a313b, NULL),
('6b0f03f61301678967ff501a92e3d92248e41bc7', '127.0.0.1', 1455711692, 0x5f5f63695f6c6173745f726567656e65726174657c693a313435353731313637353b6964557365727c733a313a2233223b70686f6e657c733a393a22313233343536373839223b757365726e616d65557365727c733a393a226578706f7261646576223b726f6c65557365727c733a313a2231223b6c6f676765645f696e7c623a313b, NULL),
('8beee67e5aea9709ed789e0803efc66f8d1f1084', '127.0.0.1', 1455713457, 0x5f5f63695f6c6173745f726567656e65726174657c693a313435353731333137363b6964557365727c733a313a2233223b70686f6e657c733a393a22313233343536373839223b757365726e616d65557365727c733a393a226578706f7261646576223b726f6c65557365727c733a313a2231223b6c6f676765645f696e7c623a313b, NULL),
('ab83308b9a1577de3e81b95c8319aaafa0c296f6', '127.0.0.1', 1455714158, 0x5f5f63695f6c6173745f726567656e65726174657c693a313435353731333935343b6964557365727c733a313a2233223b70686f6e657c733a393a22313233343536373839223b757365726e616d65557365727c733a393a226578706f7261646576223b726f6c65557365727c733a313a2231223b6c6f676765645f696e7c623a313b, NULL),
('9e6c4e7289f2e930f68ed0c9f207dc13d19b4ce5', '127.0.0.1', 1455714512, 0x5f5f63695f6c6173745f726567656e65726174657c693a313435353731343531323b6964557365727c733a313a2233223b70686f6e657c733a393a22313233343536373839223b757365726e616d65557365727c733a393a226578706f7261646576223b726f6c65557365727c733a313a2231223b6c6f676765645f696e7c623a313b, NULL),
('0e1990923a4b1193472903ee59ba366aff606ee5', '127.0.0.1', 1455715063, 0x5f5f63695f6c6173745f726567656e65726174657c693a313435353731343931353b6964557365727c733a313a2233223b70686f6e657c733a393a22313233343536373839223b757365726e616d65557365727c733a393a226578706f7261646576223b726f6c65557365727c733a313a2231223b6c6f676765645f696e7c623a313b, NULL),
('073571f4b16769ab397e1af309bc21c9608678b2', '127.0.0.1', 1455715552, 0x5f5f63695f6c6173745f726567656e65726174657c693a313435353731353336383b6964557365727c733a313a2233223b70686f6e657c733a393a22313233343536373839223b757365726e616d65557365727c733a393a226578706f7261646576223b726f6c65557365727c733a313a2231223b6c6f676765645f696e7c623a313b, NULL),
('a0a48e093d9b2eee406a94e549ccab794c23b702', '127.0.0.1', 1455715677, 0x5f5f63695f6c6173745f726567656e65726174657c693a313435353731353637363b6964557365727c733a313a2233223b70686f6e657c733a393a22313233343536373839223b757365726e616d65557365727c733a393a226578706f7261646576223b726f6c65557365727c733a313a2231223b6c6f676765645f696e7c623a313b, NULL),
('c5b1af1b0366566479160c4a8ee1f9d3efb89962', '127.0.0.1', 1455716272, 0x5f5f63695f6c6173745f726567656e65726174657c693a313435353731363134363b6964557365727c733a313a2233223b70686f6e657c733a393a22313233343536373839223b757365726e616d65557365727c733a393a226578706f7261646576223b726f6c65557365727c733a313a2231223b6c6f676765645f696e7c623a313b, NULL),
('a13979ed1b6ef83a151a4c2d9f1b379047cf6b5b', '127.0.0.1', 1455716822, 0x5f5f63695f6c6173745f726567656e65726174657c693a313435353731363535353b6964557365727c733a313a2233223b70686f6e657c733a393a22313233343536373839223b757365726e616d65557365727c733a393a226578706f7261646576223b726f6c65557365727c733a313a2231223b6c6f676765645f696e7c623a313b, NULL),
('9f83521644eb87d157029d605333391637939996', '127.0.0.1', 1455717313, 0x5f5f63695f6c6173745f726567656e65726174657c693a313435353731373035353b6964557365727c733a313a2233223b70686f6e657c733a393a22313233343536373839223b757365726e616d65557365727c733a393a226578706f7261646576223b726f6c65557365727c733a313a2231223b6c6f676765645f696e7c623a313b, NULL),
('7ba18260ae6115d2c7160eec89e1df8a03ad3892', '127.0.0.1', 1455717853, 0x5f5f63695f6c6173745f726567656e65726174657c693a313435353731373535343b6964557365727c733a313a2233223b70686f6e657c733a393a22313233343536373839223b757365726e616d65557365727c733a393a226578706f7261646576223b726f6c65557365727c733a313a2231223b6c6f676765645f696e7c623a313b, NULL),
('7c69059acb426cc6544734d1511cd0bec502467a', '127.0.0.1', 1455718107, 0x5f5f63695f6c6173745f726567656e65726174657c693a313435353731373835383b6964557365727c733a313a2233223b70686f6e657c733a393a22313233343536373839223b757365726e616d65557365727c733a393a226578706f7261646576223b726f6c65557365727c733a313a2231223b6c6f676765645f696e7c623a313b, NULL),
('1f031f77e5752203e80be63fcf8936cea8252666', '127.0.0.1', 1455718400, 0x5f5f63695f6c6173745f726567656e65726174657c693a313435353731383234373b6964557365727c733a313a2233223b70686f6e657c733a393a22313233343536373839223b757365726e616d65557365727c733a393a226578706f7261646576223b726f6c65557365727c733a313a2231223b6c6f676765645f696e7c623a313b, NULL),
('45efc74d3ff338469721537c3d82caa9784e46dd', '127.0.0.1', 1455718733, 0x5f5f63695f6c6173745f726567656e65726174657c693a313435353731383733333b6964557365727c733a313a2233223b70686f6e657c733a393a22313233343536373839223b757365726e616d65557365727c733a393a226578706f7261646576223b726f6c65557365727c733a313a2231223b6c6f676765645f696e7c623a313b, NULL),
('0735137363f3ab1ea6a2ba1d30ee2dc9b4733d24', '127.0.0.1', 1455719908, 0x5f5f63695f6c6173745f726567656e65726174657c693a313435353731393638373b6964557365727c733a313a2233223b70686f6e657c733a393a22313233343536373839223b757365726e616d65557365727c733a393a226578706f7261646576223b726f6c65557365727c733a313a2231223b6c6f676765645f696e7c623a313b, NULL),
('c3c96d0bcf9a9a915a67f15a48984230fe63bf68', '127.0.0.1', 1455720256, 0x5f5f63695f6c6173745f726567656e65726174657c693a313435353732303030343b6964557365727c733a313a2233223b70686f6e657c733a393a22313233343536373839223b757365726e616d65557365727c733a393a226578706f7261646576223b726f6c65557365727c733a313a2231223b6c6f676765645f696e7c623a313b, NULL),
('a4e4eedd4c34248919040ea6d8c82a8cc5c0895e', '127.0.0.1', 1455720608, 0x5f5f63695f6c6173745f726567656e65726174657c693a313435353732303332353b6964557365727c733a313a2233223b70686f6e657c733a393a22313233343536373839223b757365726e616d65557365727c733a393a226578706f7261646576223b726f6c65557365727c733a313a2231223b6c6f676765645f696e7c623a313b, NULL),
('5d85340e0583240f6b73f632eff45b8e5f5f67bc', '127.0.0.1', 1455720688, 0x5f5f63695f6c6173745f726567656e65726174657c693a313435353732303637383b6964557365727c733a313a2233223b70686f6e657c733a393a22313233343536373839223b757365726e616d65557365727c733a393a226578706f7261646576223b726f6c65557365727c733a313a2231223b6c6f676765645f696e7c623a313b, NULL),
('455e7d11b86eba545f075d6454831debf8a2bc79', '127.0.0.1', 1455722698, 0x5f5f63695f6c6173745f726567656e65726174657c693a313435353732323430353b6964557365727c733a313a2233223b70686f6e657c733a393a22313233343536373839223b757365726e616d65557365727c733a393a226578706f7261646576223b726f6c65557365727c733a313a2231223b6c6f676765645f696e7c623a313b, NULL),
('05cb0b79f370123d5ea1bd6558199202908847eb', '127.0.0.1', 1455723002, 0x5f5f63695f6c6173745f726567656e65726174657c693a313435353732323730363b6964557365727c733a313a2233223b70686f6e657c733a393a22313233343536373839223b757365726e616d65557365727c733a393a226578706f7261646576223b726f6c65557365727c733a313a2231223b6c6f676765645f696e7c623a313b, NULL),
('0fcbc92ae32b1dbb81d905db6d6bb39611bcb30c', '127.0.0.1', 1455723285, 0x5f5f63695f6c6173745f726567656e65726174657c693a313435353732333030373b6964557365727c733a313a2233223b70686f6e657c733a393a22313233343536373839223b757365726e616d65557365727c733a393a226578706f7261646576223b726f6c65557365727c733a313a2231223b6c6f676765645f696e7c623a313b, NULL),
('4a851dbe0bbcd251d56d3623db00cafad4133f8c', '127.0.0.1', 1455723779, 0x5f5f63695f6c6173745f726567656e65726174657c693a313435353732333530393b6964557365727c733a313a2233223b70686f6e657c733a393a22313233343536373839223b757365726e616d65557365727c733a393a226578706f7261646576223b726f6c65557365727c733a313a2231223b6c6f676765645f696e7c623a313b, NULL),
('a3ab038b1d625c4d65caa31c111948cb950c2828', '127.0.0.1', 1455724099, 0x5f5f63695f6c6173745f726567656e65726174657c693a313435353732333832313b6964557365727c733a313a2233223b70686f6e657c733a393a22313233343536373839223b757365726e616d65557365727c733a393a226578706f7261646576223b726f6c65557365727c733a313a2231223b6c6f676765645f696e7c623a313b, NULL),
('1b2bf00e04d436e0c709785710d35a8e268bbe4c', '127.0.0.1', 1455724454, 0x5f5f63695f6c6173745f726567656e65726174657c693a313435353732343139313b6964557365727c733a313a2233223b70686f6e657c733a393a22313233343536373839223b757365726e616d65557365727c733a393a226578706f7261646576223b726f6c65557365727c733a313a2231223b6c6f676765645f696e7c623a313b, NULL),
('674bea5b0097d08517e73f4022b3ba7c4244c9b6', '127.0.0.1', 1455724504, 0x5f5f63695f6c6173745f726567656e65726174657c693a313435353732343530343b6964557365727c733a313a2233223b70686f6e657c733a393a22313233343536373839223b757365726e616d65557365727c733a393a226578706f7261646576223b726f6c65557365727c733a313a2231223b6c6f676765645f696e7c623a313b, NULL),
('998df3b08d0d0fa0250d7f6b9b2723c3a5c231af', '127.0.0.1', 1455968545, 0x5f5f63695f6c6173745f726567656e65726174657c693a313435353936383531373b, NULL),
('dc48db1dd8f37241d282dd5755ce592fef4b66e0', '127.0.0.1', 1455968760, 0x5f5f63695f6c6173745f726567656e65726174657c693a313435353936383534393b6964557365727c733a313a2233223b70686f6e657c733a393a22313233343536373839223b757365726e616d65557365727c733a393a226578706f7261646576223b726f6c65557365727c733a313a2231223b6c6f676765645f696e7c623a313b, NULL),
('692ed843b084b852c4c7c30c2e92f0e81c8524e0', '127.0.0.1', 1455969150, 0x5f5f63695f6c6173745f726567656e65726174657c693a313435353936383837383b6964557365727c733a313a2233223b70686f6e657c733a393a22313233343536373839223b757365726e616d65557365727c733a393a226578706f7261646576223b726f6c65557365727c733a313a2231223b6c6f676765645f696e7c623a313b, NULL),
('c2450027ffea288830ac98b551826f26977e73bc', '127.0.0.1', 1455970161, 0x5f5f63695f6c6173745f726567656e65726174657c693a313435353936393837313b6964557365727c733a313a2233223b70686f6e657c733a393a22313233343536373839223b757365726e616d65557365727c733a393a226578706f7261646576223b726f6c65557365727c733a313a2231223b6c6f676765645f696e7c623a313b, NULL),
('92d3b40af5a8a2079745d60fecc13f6de243311c', '127.0.0.1', 1455970211, 0x5f5f63695f6c6173745f726567656e65726174657c693a313435353937303139323b6964557365727c733a313a2233223b70686f6e657c733a393a22313233343536373839223b757365726e616d65557365727c733a393a226578706f7261646576223b726f6c65557365727c733a313a2231223b6c6f676765645f696e7c623a313b, NULL),
('c93adf7ed78961c375cdc1fae256e3a2de4894e6', '127.0.0.1', 1455976928, 0x5f5f63695f6c6173745f726567656e65726174657c693a313435353937363836313b6964557365727c733a313a2233223b70686f6e657c733a393a22313233343536373839223b757365726e616d65557365727c733a393a226578706f7261646576223b726f6c65557365727c733a313a2231223b6c6f676765645f696e7c623a313b, NULL),
('adb21da55afa1a62fec51f6d31a6b15877773670', '127.0.0.1', 1455977703, 0x5f5f63695f6c6173745f726567656e65726174657c693a313435353937373433363b6964557365727c733a313a2233223b70686f6e657c733a393a22313233343536373839223b757365726e616d65557365727c733a393a226578706f7261646576223b726f6c65557365727c733a313a2231223b6c6f676765645f696e7c623a313b, NULL),
('72307f0da03517f9faa5a9c6ad99960149ad7333', '127.0.0.1', 1455977794, 0x5f5f63695f6c6173745f726567656e65726174657c693a313435353937373734313b6964557365727c733a313a2233223b70686f6e657c733a393a22313233343536373839223b757365726e616d65557365727c733a393a226578706f7261646576223b726f6c65557365727c733a313a2231223b6c6f676765645f696e7c623a313b, NULL),
('4163efc3095b360dafea6284ca156e157efd417a', '127.0.0.1', 1455979633, 0x5f5f63695f6c6173745f726567656e65726174657c693a313435353937393333333b6964557365727c733a313a2233223b70686f6e657c733a393a22313233343536373839223b757365726e616d65557365727c733a393a226578706f7261646576223b726f6c65557365727c733a313a2231223b6c6f676765645f696e7c623a313b, NULL),
('c96b9d38d325b134c83bf6a3bfbe895ace5ebc7e', '127.0.0.1', 1455979917, 0x5f5f63695f6c6173745f726567656e65726174657c693a313435353937393633353b6964557365727c733a313a2233223b70686f6e657c733a393a22313233343536373839223b757365726e616d65557365727c733a393a226578706f7261646576223b726f6c65557365727c733a313a2231223b6c6f676765645f696e7c623a313b, NULL),
('2b3c356e4bce2db0ba055e191de885036519a4d4', '127.0.0.1', 1455980038, 0x5f5f63695f6c6173745f726567656e65726174657c693a313435353937393934353b6964557365727c733a313a2233223b70686f6e657c733a393a22313233343536373839223b757365726e616d65557365727c733a393a226578706f7261646576223b726f6c65557365727c733a313a2231223b6c6f676765645f696e7c623a313b, NULL),
('e6b67ce7608e8e74088158d8df24b4f27021953e', '127.0.0.1', 1455982990, 0x5f5f63695f6c6173745f726567656e65726174657c693a313435353938323836313b6964557365727c733a313a2233223b70686f6e657c733a393a22313233343536373839223b757365726e616d65557365727c733a393a226578706f7261646576223b726f6c65557365727c733a313a2231223b6c6f676765645f696e7c623a313b, NULL),
('6dbad9ca725b8110c60022b8180005bad558e233', '127.0.0.1', 1455983498, 0x5f5f63695f6c6173745f726567656e65726174657c693a313435353938333437323b6964557365727c733a313a2233223b70686f6e657c733a393a22313233343536373839223b757365726e616d65557365727c733a393a226578706f7261646576223b726f6c65557365727c733a313a2231223b6c6f676765645f696e7c623a313b, NULL),
('ec21376557f8b7d8fd243369ad29ef4b009fe5af', '127.0.0.1', 1455984872, 0x5f5f63695f6c6173745f726567656e65726174657c693a313435353938343631333b6964557365727c733a313a2233223b70686f6e657c733a393a22313233343536373839223b757365726e616d65557365727c733a393a226578706f7261646576223b726f6c65557365727c733a313a2231223b6c6f676765645f696e7c623a313b, NULL),
('8f12baa9ed7fe177630113f68bbf1c031e95e7ab', '127.0.0.1', 1455985110, 0x5f5f63695f6c6173745f726567656e65726174657c693a313435353938343934313b6964557365727c733a313a2233223b70686f6e657c733a393a22313233343536373839223b757365726e616d65557365727c733a393a226578706f7261646576223b726f6c65557365727c733a313a2231223b6c6f676765645f696e7c623a313b, NULL),
('c9741e85be9f75f0a6122a2c0f47c884f8c1978e', '127.0.0.1', 1455985733, 0x5f5f63695f6c6173745f726567656e65726174657c693a313435353938353433393b6964557365727c733a313a2233223b70686f6e657c733a393a22313233343536373839223b757365726e616d65557365727c733a393a226578706f7261646576223b726f6c65557365727c733a313a2231223b6c6f676765645f696e7c623a313b, NULL),
('9effd63547df64d3a03e759fce7258ba3308b386', '127.0.0.1', 1455985644, 0x5f5f63695f6c6173745f726567656e65726174657c693a313435353938353634343b, NULL),
('1e84316695be647eca1f999bcdafb291758ef12b', '127.0.0.1', 1455985644, 0x5f5f63695f6c6173745f726567656e65726174657c693a313435353938353634343b, NULL),
('91778a5912268adbfce353c6f3a6174e6fd3bb0a', '127.0.0.1', 1455985655, 0x5f5f63695f6c6173745f726567656e65726174657c693a313435353938353635353b, NULL),
('50ad96c11df6bb228851759d2a03c2a3323ed07e', '127.0.0.1', 1455985655, 0x5f5f63695f6c6173745f726567656e65726174657c693a313435353938353635353b, NULL),
('0286afce4fd915e771834b61d28996242080f467', '127.0.0.1', 1455985658, 0x5f5f63695f6c6173745f726567656e65726174657c693a313435353938353635383b, NULL),
('20df5bdae1c9d4ddd4a8d45f2effc12d4b21f6a3', '127.0.0.1', 1455985658, 0x5f5f63695f6c6173745f726567656e65726174657c693a313435353938353635383b, NULL),
('db7f3c80a6406f133f87cfc095370f4f5b2c45d1', '127.0.0.1', 1455985730, 0x5f5f63695f6c6173745f726567656e65726174657c693a313435353938353733303b, NULL),
('ce2b5c8b40f5d9ec2f1bf88756b4a37d5f0dc8fb', '127.0.0.1', 1455985730, 0x5f5f63695f6c6173745f726567656e65726174657c693a313435353938353733303b, NULL),
('855ebd1451321d4534c5fbc22ca7364872b19394', '127.0.0.1', 1455986050, 0x5f5f63695f6c6173745f726567656e65726174657c693a313435353938353736333b6964557365727c733a313a2233223b70686f6e657c733a393a22313233343536373839223b757365726e616d65557365727c733a393a226578706f7261646576223b726f6c65557365727c733a313a2231223b6c6f676765645f696e7c623a313b, NULL),
('51a4306d57cbd8c04b194e87594bb236a6d0e924', '127.0.0.1', 1455985768, 0x5f5f63695f6c6173745f726567656e65726174657c693a313435353938353736383b, NULL),
('1a60ab9abbb677c06b0476e9e1ba80fe36dbd550', '127.0.0.1', 1455985768, 0x5f5f63695f6c6173745f726567656e65726174657c693a313435353938353736383b, NULL),
('840116d2510f91185c9104c60313d8902503257d', '127.0.0.1', 1455985775, 0x5f5f63695f6c6173745f726567656e65726174657c693a313435353938353737353b, NULL),
('5de6097618193a418fa494e769be075e4add9654', '127.0.0.1', 1455985775, 0x5f5f63695f6c6173745f726567656e65726174657c693a313435353938353737353b, NULL),
('07a4ee243d110cd3577bf92d879e940b404bc1ea', '127.0.0.1', 1455985785, 0x5f5f63695f6c6173745f726567656e65726174657c693a313435353938353738353b, NULL),
('2019dead1c02ce4f15bed387242fcb04a1f9a3ac', '127.0.0.1', 1455985785, 0x5f5f63695f6c6173745f726567656e65726174657c693a313435353938353738353b, NULL),
('780ec737928dab3e8896cfc4c03c7b852dc402f7', '127.0.0.1', 1455985949, 0x5f5f63695f6c6173745f726567656e65726174657c693a313435353938353934383b, NULL),
('76dbe60accef95c927c01140b2d496944ddc3030', '127.0.0.1', 1455985949, 0x5f5f63695f6c6173745f726567656e65726174657c693a313435353938353934393b, NULL),
('0dd9a6cfda17b19f3da64340ac689355c2edb96d', '127.0.0.1', 1455986283, 0x5f5f63695f6c6173745f726567656e65726174657c693a313435353938363036393b6964557365727c733a313a2233223b70686f6e657c733a393a22313233343536373839223b757365726e616d65557365727c733a393a226578706f7261646576223b726f6c65557365727c733a313a2231223b6c6f676765645f696e7c623a313b, NULL),
('57656f0475bcba481dea3aa5802dc94305215ed5', '127.0.0.1', 1455986101, 0x5f5f63695f6c6173745f726567656e65726174657c693a313435353938363130313b, NULL),
('43b4399b02ff8a122349499298287f510e4e5a39', '127.0.0.1', 1455986101, 0x5f5f63695f6c6173745f726567656e65726174657c693a313435353938363130313b, NULL),
('9a6f0eec8be11b2b03b343b9debcadf05c730c11', '127.0.0.1', 1455986105, 0x5f5f63695f6c6173745f726567656e65726174657c693a313435353938363130353b, NULL),
('5d5805f5783289f1c3c6acb894aaaf5403d4ee37', '127.0.0.1', 1455986106, 0x5f5f63695f6c6173745f726567656e65726174657c693a313435353938363130363b, NULL),
('c0b2068640409d5816c0d55b2d83a9d622c578f1', '127.0.0.1', 1455986591, 0x5f5f63695f6c6173745f726567656e65726174657c693a313435353938363436363b6964557365727c733a313a2233223b70686f6e657c733a393a22313233343536373839223b757365726e616d65557365727c733a393a226578706f7261646576223b726f6c65557365727c733a313a2231223b6c6f676765645f696e7c623a313b, NULL),
('b68c655791896ab5d9d6f63901928fcf183035fe', '127.0.0.1', 1455986470, 0x5f5f63695f6c6173745f726567656e65726174657c693a313435353938363437303b, NULL),
('ad12516e5399735e27f6f9d8e1292d2287bb844c', '127.0.0.1', 1455986547, 0x5f5f63695f6c6173745f726567656e65726174657c693a313435353938363534373b, NULL),
('50d257da9876c5ead3991001d0e7bc195a0c97e1', '127.0.0.1', 1455986547, 0x5f5f63695f6c6173745f726567656e65726174657c693a313435353938363534373b, NULL),
('69d61dd76d44141444140f398977187793bc628f', '127.0.0.1', 1455986593, 0x5f5f63695f6c6173745f726567656e65726174657c693a313435353938363539333b, NULL),
('33630db90d5cd2cfe21e5a6551ed0fb87f7804e0', '127.0.0.1', 1455986593, 0x5f5f63695f6c6173745f726567656e65726174657c693a313435353938363539333b, NULL),
('04ff5440a9f79eedf08ac47598379c1858066f36', '127.0.0.1', 1456678618, 0x5f5f63695f6c6173745f726567656e65726174657c693a313435363637383630393b, NULL),
('a2a6ca0d1ee39eecb76c4d46602a3aa02a314097', '127.0.0.1', 1456678632, 0x5f5f63695f6c6173745f726567656e65726174657c693a313435363637383632333b6964557365727c733a313a2233223b70686f6e657c733a393a22313233343536373839223b757365726e616d65557365727c733a393a226578706f7261646576223b726f6c65557365727c733a313a2231223b6c6f676765645f696e7c623a313b, NULL),
('ded3790a5e6d4667796cbadc81a79d0f8d89e780', '127.0.0.1', 1456681103, 0x5f5f63695f6c6173745f726567656e65726174657c693a313435363638303936363b, NULL),
('cd6d0d28e4325dfaa6c9f3f3828edeafc53c7449', '127.0.0.1', 1456681270, 0x5f5f63695f6c6173745f726567656e65726174657c693a313435363638313134303b6964557365727c733a313a2233223b70686f6e657c733a393a22313233343536373839223b757365726e616d65557365727c733a393a226578706f7261646576223b726f6c65557365727c733a313a2231223b6c6f676765645f696e7c623a313b, NULL),
('a382972c2267e5f4f5b9ac7b918d2490ab06ddbe', '127.0.0.1', 1456681284, 0x5f5f63695f6c6173745f726567656e65726174657c693a313435363638313238343b, NULL),
('3f08e2ec03491b995a0a10066332b69f8af4c339', '127.0.0.1', 1456681285, '', NULL),
('6a08a6c3eb346ce8eef28d9f7c9f884ed12b4609', '127.0.0.1', 1456929722, 0x5f5f63695f6c6173745f726567656e65726174657c693a313435363932393732303b, NULL),
('9f5427e67d35b05b5ce04d3bb30d130d7386982e', '127.0.0.1', 1456930533, 0x5f5f63695f6c6173745f726567656e65726174657c693a313435363933303234343b, NULL),
('d48f78b1f46755013d025db8d657e6fbeb862d0f', '127.0.0.1', 1456930587, 0x5f5f63695f6c6173745f726567656e65726174657c693a313435363933303537393b, NULL),
('6ca66f6ae619cb4168f2dde5e7ae37593872d72a', '127.0.0.1', 1456931391, 0x5f5f63695f6c6173745f726567656e65726174657c693a313435363933313232303b6964557365727c733a313a2233223b70686f6e657c733a393a22313233343536373839223b757365726e616d65557365727c733a393a226578706f7261646576223b726f6c65557365727c733a313a2231223b6c6f676765645f696e7c623a313b, NULL),
('d5172275e3751040418eac441547fa9643c16a73', '127.0.0.1', 1456932496, 0x5f5f63695f6c6173745f726567656e65726174657c693a313435363933323337373b6964557365727c733a313a2233223b70686f6e657c733a393a22313233343536373839223b757365726e616d65557365727c733a393a226578706f7261646576223b726f6c65557365727c733a313a2231223b6c6f676765645f696e7c623a313b, NULL),
('7a8a82c9accbe254b2ee2b64a3b4a4174055b58c', '127.0.0.1', 1456932943, 0x5f5f63695f6c6173745f726567656e65726174657c693a313435363933323733303b6964557365727c733a313a2233223b70686f6e657c733a393a22313233343536373839223b757365726e616d65557365727c733a393a226578706f7261646576223b726f6c65557365727c733a313a2231223b6c6f676765645f696e7c623a313b, NULL),
('f4456b5f0ad34d76a51ee47842d1a56ab478e1b3', '127.0.0.1', 1456935493, 0x5f5f63695f6c6173745f726567656e65726174657c693a313435363933353337323b6964557365727c733a313a2233223b70686f6e657c733a393a22313233343536373839223b757365726e616d65557365727c733a393a226578706f7261646576223b726f6c65557365727c733a313a2231223b6c6f676765645f696e7c623a313b, NULL),
('40cd7b6d433b6390ff0919c41bc149f5ece73adb', '127.0.0.1', 1456936040, 0x5f5f63695f6c6173745f726567656e65726174657c693a313435363933353734303b6964557365727c733a313a2233223b70686f6e657c733a393a22313233343536373839223b757365726e616d65557365727c733a393a226578706f7261646576223b726f6c65557365727c733a313a2231223b6c6f676765645f696e7c623a313b, NULL),
('1dc6590471999b873815c2c1148e1fc911b81df4', '127.0.0.1', 1456936313, 0x5f5f63695f6c6173745f726567656e65726174657c693a313435363933363037313b6964557365727c733a313a2233223b70686f6e657c733a393a22313233343536373839223b757365726e616d65557365727c733a393a226578706f7261646576223b726f6c65557365727c733a313a2231223b6c6f676765645f696e7c623a313b, NULL),
('8ded3da2431966d67ccd0223ecfc0d85aeb4d720', '127.0.0.1', 1456939213, 0x5f5f63695f6c6173745f726567656e65726174657c693a313435363933393231333b6964557365727c733a313a2233223b70686f6e657c733a393a22313233343536373839223b757365726e616d65557365727c733a393a226578706f7261646576223b726f6c65557365727c733a313a2231223b6c6f676765645f696e7c623a313b, NULL),
('e4d6a686be21c1f44c0e2687c35db3f3daa828f2', '127.0.0.1', 1456941699, 0x5f5f63695f6c6173745f726567656e65726174657c693a313435363934313339383b6964557365727c733a313a2233223b70686f6e657c733a393a22313233343536373839223b757365726e616d65557365727c733a393a226578706f7261646576223b726f6c65557365727c733a313a2231223b6c6f676765645f696e7c623a313b, NULL),
('9cf2197f8137a0646ec5825565c8e5b5d661ba21', '127.0.0.1', 1456941772, 0x5f5f63695f6c6173745f726567656e65726174657c693a313435363934313732393b6964557365727c733a313a2233223b70686f6e657c733a393a22313233343536373839223b757365726e616d65557365727c733a393a226578706f7261646576223b726f6c65557365727c733a313a2231223b6c6f676765645f696e7c623a313b, NULL),
('09d2b87e6d942cca48b16e3723c310394de3ceef', '::1', 1456992118, 0x5f5f63695f6c6173745f726567656e65726174657c693a313435363939313937303b6964557365727c733a313a2233223b70686f6e657c733a393a22313233343536373839223b757365726e616d65557365727c733a393a226578706f7261646576223b726f6c65557365727c733a313a2231223b6c6f676765645f696e7c623a313b, NULL),
('e07a291fb4397097213fb1c01a45955e7581208c', '::1', 1456992431, 0x5f5f63695f6c6173745f726567656e65726174657c693a313435363939323433303b6964557365727c733a313a2233223b70686f6e657c733a393a22313233343536373839223b757365726e616d65557365727c733a393a226578706f7261646576223b726f6c65557365727c733a313a2231223b6c6f676765645f696e7c623a313b, NULL),
('f636e13f99d4bcde09c52716a3e91d95b94e3045', '::1', 1456992448, 0x5f5f63695f6c6173745f726567656e65726174657c693a313435363939323433313b6964557365727c733a313a2233223b70686f6e657c733a393a22313233343536373839223b757365726e616d65557365727c733a393a226578706f7261646576223b726f6c65557365727c733a313a2231223b6c6f676765645f696e7c623a313b, NULL),
('93621ba5acee9411723e9cfa320ab1184180b38f', '::1', 1456992846, 0x5f5f63695f6c6173745f726567656e65726174657c693a313435363939323834333b6964557365727c733a313a2233223b70686f6e657c733a393a22313233343536373839223b757365726e616d65557365727c733a393a226578706f7261646576223b726f6c65557365727c733a313a2231223b6c6f676765645f696e7c623a313b, NULL),
('6dc5fe7f922c74fd2c69da53a5c5ffcf0205707e', '::1', 1456992851, 0x5f5f63695f6c6173745f726567656e65726174657c693a313435363939323834363b6964557365727c733a313a2233223b70686f6e657c733a393a22313233343536373839223b757365726e616d65557365727c733a393a226578706f7261646576223b726f6c65557365727c733a313a2231223b6c6f676765645f696e7c623a313b, NULL),
('5008124b8549c8d1a04918f48f963bfedcdf6551', '::1', 1456993556, 0x5f5f63695f6c6173745f726567656e65726174657c693a313435363939333535363b6964557365727c733a313a2233223b70686f6e657c733a393a22313233343536373839223b757365726e616d65557365727c733a393a226578706f7261646576223b726f6c65557365727c733a313a2231223b6c6f676765645f696e7c623a313b, NULL),
('dc5583ec2ffed616cf61f83feb01f9f308450074', '::1', 1456993556, 0x5f5f63695f6c6173745f726567656e65726174657c693a313435363939333535363b6964557365727c733a313a2233223b70686f6e657c733a393a22313233343536373839223b757365726e616d65557365727c733a393a226578706f7261646576223b726f6c65557365727c733a313a2231223b6c6f676765645f696e7c623a313b, NULL),
('1a1b11c6362206f24f59b3ecb7a2d2d7bc1b3cc8', '::1', 1456993559, 0x5f5f63695f6c6173745f726567656e65726174657c693a313435363939333535373b6964557365727c733a313a2233223b70686f6e657c733a393a22313233343536373839223b757365726e616d65557365727c733a393a226578706f7261646576223b726f6c65557365727c733a313a2231223b6c6f676765645f696e7c623a313b, NULL),
('f5eec73c18c9de0323668e76db01426a8f454d06', '::1', 1456993559, 0x5f5f63695f6c6173745f726567656e65726174657c693a313435363939333535393b6964557365727c733a313a2233223b70686f6e657c733a393a22313233343536373839223b757365726e616d65557365727c733a393a226578706f7261646576223b726f6c65557365727c733a313a2231223b6c6f676765645f696e7c623a313b, NULL),
('235f6ce607ca4a6cc4619c544ea7e7661e85566a', '::1', 1456993559, 0x5f5f63695f6c6173745f726567656e65726174657c693a313435363939333535393b6964557365727c733a313a2233223b70686f6e657c733a393a22313233343536373839223b757365726e616d65557365727c733a393a226578706f7261646576223b726f6c65557365727c733a313a2231223b6c6f676765645f696e7c623a313b, NULL),
('9fcec77eb101dd48720d608f9aa5935a0ead1c58', '::1', 1456993560, 0x5f5f63695f6c6173745f726567656e65726174657c693a313435363939333535393b6964557365727c733a313a2233223b70686f6e657c733a393a22313233343536373839223b757365726e616d65557365727c733a393a226578706f7261646576223b726f6c65557365727c733a313a2231223b6c6f676765645f696e7c623a313b, NULL),
('b571e09a827113179451e1623178231aa505c91f', '::1', 1456993700, 0x5f5f63695f6c6173745f726567656e65726174657c693a313435363939333536303b6964557365727c733a313a2233223b70686f6e657c733a393a22313233343536373839223b757365726e616d65557365727c733a393a226578706f7261646576223b726f6c65557365727c733a313a2231223b6c6f676765645f696e7c623a313b, NULL);
INSERT INTO `sessions` (`id`, `ip_address`, `timestamp`, `data`, `last_activity`) VALUES
('d057ee604cfe5754ec29e1076bd57e40b7993863', '::1', 1456996500, 0x5f5f63695f6c6173745f726567656e65726174657c693a313435363939363139393b6964557365727c733a313a2233223b70686f6e657c733a393a22313233343536373839223b757365726e616d65557365727c733a393a226578706f7261646576223b726f6c65557365727c733a313a2231223b6c6f676765645f696e7c623a313b, NULL),
('78605dce07507d3800c0bbef0f76885381ee07a9', '::1', 1456996662, 0x5f5f63695f6c6173745f726567656e65726174657c693a313435363939363532353b6964557365727c733a313a2233223b70686f6e657c733a393a22313233343536373839223b757365726e616d65557365727c733a393a226578706f7261646576223b726f6c65557365727c733a313a2231223b6c6f676765645f696e7c623a313b, NULL),
('50923ced4b2a11af3192596bfe4c53608a6b0845', '::1', 1456996879, 0x5f5f63695f6c6173745f726567656e65726174657c693a313435363939363836363b6964557365727c733a313a2233223b70686f6e657c733a393a22313233343536373839223b757365726e616d65557365727c733a393a226578706f7261646576223b726f6c65557365727c733a313a2231223b6c6f676765645f696e7c623a313b, NULL),
('594c58b06352c5cf693a53b6650c8f5c885dbbb0', '::1', 1456998392, 0x5f5f63695f6c6173745f726567656e65726174657c693a313435363939383131323b6964557365727c733a313a2233223b70686f6e657c733a393a22313233343536373839223b757365726e616d65557365727c733a393a226578706f7261646576223b726f6c65557365727c733a313a2231223b6c6f676765645f696e7c623a313b, NULL),
('725a452e96554a30f875956060bde96e68c37c37', '::1', 1456998799, 0x5f5f63695f6c6173745f726567656e65726174657c693a313435363939383635323b6964557365727c733a313a2233223b70686f6e657c733a393a22313233343536373839223b757365726e616d65557365727c733a393a226578706f7261646576223b726f6c65557365727c733a313a2231223b6c6f676765645f696e7c623a313b, NULL),
('7508ba964096cea4f2c38fcf6aab35a91459974c', '::1', 1456999158, 0x5f5f63695f6c6173745f726567656e65726174657c693a313435363939393030383b6964557365727c733a313a2233223b70686f6e657c733a393a22313233343536373839223b757365726e616d65557365727c733a393a226578706f7261646576223b726f6c65557365727c733a313a2231223b6c6f676765645f696e7c623a313b, NULL),
('8a0fd42ed21daccfda86f089b9ca793cd82da58d', '::1', 1457000758, 0x5f5f63695f6c6173745f726567656e65726174657c693a313435373030303533393b6964557365727c733a313a2233223b70686f6e657c733a393a22313233343536373839223b757365726e616d65557365727c733a393a226578706f7261646576223b726f6c65557365727c733a313a2231223b6c6f676765645f696e7c623a313b, NULL),
('7a7c8c3085161cece41833ca95e8617537f54082', '::1', 1457001344, 0x5f5f63695f6c6173745f726567656e65726174657c693a313435373030313131383b6964557365727c733a313a2233223b70686f6e657c733a393a22313233343536373839223b757365726e616d65557365727c733a393a226578706f7261646576223b726f6c65557365727c733a313a2231223b6c6f676765645f696e7c623a313b, NULL),
('7c1d035d9cd495dc641ab0202a32d363e03bd83e', '::1', 1457001922, 0x5f5f63695f6c6173745f726567656e65726174657c693a313435373030313632353b6964557365727c733a313a2233223b70686f6e657c733a393a22313233343536373839223b757365726e616d65557365727c733a393a226578706f7261646576223b726f6c65557365727c733a313a2231223b6c6f676765645f696e7c623a313b, NULL),
('77f83f7213507ff8499a0900d4e8bf90ae414d13', '::1', 1457002198, 0x5f5f63695f6c6173745f726567656e65726174657c693a313435373030313935353b6964557365727c733a313a2233223b70686f6e657c733a393a22313233343536373839223b757365726e616d65557365727c733a393a226578706f7261646576223b726f6c65557365727c733a313a2231223b6c6f676765645f696e7c623a313b, NULL),
('96e4d034a7776b5927440408868f607f76c3ccb2', '::1', 1457030525, 0x5f5f63695f6c6173745f726567656e65726174657c693a313435373033303234333b, NULL),
('a492775080408c674bd89d107033514bb9e7ff10', '::1', 1457030845, 0x5f5f63695f6c6173745f726567656e65726174657c693a313435373033303534363b, NULL),
('7d79d7d7f9b81159ae877e4d14f0acea6fa42cf7', '::1', 1457031081, 0x5f5f63695f6c6173745f726567656e65726174657c693a313435373033303835313b6964557365727c733a313a2233223b70686f6e657c733a393a22313233343536373839223b757365726e616d65557365727c733a393a226578706f7261646576223b726f6c65557365727c733a313a2231223b6c6f676765645f696e7c623a313b, NULL),
('e083debe09f2311542a164425d5a81945b22dd49', '::1', 1457031441, 0x5f5f63695f6c6173745f726567656e65726174657c693a313435373033313230373b6964557365727c733a313a2233223b70686f6e657c733a393a22313233343536373839223b757365726e616d65557365727c733a393a226578706f7261646576223b726f6c65557365727c733a313a2231223b6c6f676765645f696e7c623a313b, NULL),
('d1ee88c835310d43ff3b38ca4002d2fb8be39521', '::1', 1457031774, 0x5f5f63695f6c6173745f726567656e65726174657c693a313435373033313537353b6964557365727c733a313a2233223b70686f6e657c733a393a22313233343536373839223b757365726e616d65557365727c733a393a226578706f7261646576223b726f6c65557365727c733a313a2231223b6c6f676765645f696e7c623a313b, NULL),
('7250951767d523c8b1d0c343decede047d2a4584', '::1', 1457032437, 0x5f5f63695f6c6173745f726567656e65726174657c693a313435373033323230313b6964557365727c733a313a2233223b70686f6e657c733a393a22313233343536373839223b757365726e616d65557365727c733a393a226578706f7261646576223b726f6c65557365727c733a313a2231223b6c6f676765645f696e7c623a313b, NULL),
('63ae9680f8c172c8f3d71dafd2a18140e2eff62a', '::1', 1457032689, 0x5f5f63695f6c6173745f726567656e65726174657c693a313435373033323532373b6964557365727c733a313a2233223b70686f6e657c733a393a22313233343536373839223b757365726e616d65557365727c733a393a226578706f7261646576223b726f6c65557365727c733a313a2231223b6c6f676765645f696e7c623a313b, NULL),
('e00d797a25ab874f68e6d9acfbbd007a3c027e64', '::1', 1457034166, 0x5f5f63695f6c6173745f726567656e65726174657c693a313435373033343038313b6964557365727c733a313a2233223b70686f6e657c733a393a22313233343536373839223b757365726e616d65557365727c733a393a226578706f7261646576223b726f6c65557365727c733a313a2231223b6c6f676765645f696e7c623a313b, NULL),
('bd7028b16a86fecd97a4bf2af26986ded800404c', '::1', 1457059672, 0x5f5f63695f6c6173745f726567656e65726174657c693a313435373035393338393b, NULL),
('df5632b92fcfbbb9ec09f0c5d753ee5fbcaf9e79', '::1', 1457059913, 0x5f5f63695f6c6173745f726567656e65726174657c693a313435373035393731303b, NULL),
('a11c5164994a0673c13e6a144bf1ff71c76fefa2', '::1', 1457060470, 0x5f5f63695f6c6173745f726567656e65726174657c693a313435373036303138383b, NULL),
('0a7c6f8e2f86e7609679fbb69defbd873779d50d', '::1', 1457060681, 0x5f5f63695f6c6173745f726567656e65726174657c693a313435373036303438393b6964557365727c733a313a2233223b70686f6e657c733a393a22313233343536373839223b757365726e616d65557365727c733a393a226578706f7261646576223b726f6c65557365727c733a313a2231223b6c6f676765645f696e7c623a313b, NULL),
('fef4bb81012e3124e9de1f8a23c29ecc688eebeb', '::1', 1457061074, 0x5f5f63695f6c6173745f726567656e65726174657c693a313435373036303739323b6964557365727c733a313a2233223b70686f6e657c733a393a22313233343536373839223b757365726e616d65557365727c733a393a226578706f7261646576223b726f6c65557365727c733a313a2231223b6c6f676765645f696e7c623a313b, NULL),
('39dc0093525f8f717b3803f14bcc13c5badbd359', '::1', 1457061190, 0x5f5f63695f6c6173745f726567656e65726174657c693a313435373036313137353b6964557365727c733a313a2233223b70686f6e657c733a393a22313233343536373839223b757365726e616d65557365727c733a393a226578706f7261646576223b726f6c65557365727c733a313a2231223b6c6f676765645f696e7c623a313b, NULL),
('bbbcd729e2a44d821256f620657eb85b665cd084', '::1', 1457062005, 0x5f5f63695f6c6173745f726567656e65726174657c693a313435373036313837393b6964557365727c733a313a2233223b70686f6e657c733a393a22313233343536373839223b757365726e616d65557365727c733a393a226578706f7261646576223b726f6c65557365727c733a313a2231223b6c6f676765645f696e7c623a313b, NULL),
('80e7748b6f61490d774112ae34ed30ed5709f223', '::1', 1457062504, 0x5f5f63695f6c6173745f726567656e65726174657c693a313435373036323435313b6964557365727c733a313a2233223b70686f6e657c733a393a22313233343536373839223b757365726e616d65557365727c733a393a226578706f7261646576223b726f6c65557365727c733a313a2231223b6c6f676765645f696e7c623a313b, NULL),
('5a26008d5d53596154bdde01fa94c4bdb5e60643', '::1', 1457063492, 0x5f5f63695f6c6173745f726567656e65726174657c693a313435373036333139353b6964557365727c733a313a2233223b70686f6e657c733a393a22313233343536373839223b757365726e616d65557365727c733a393a226578706f7261646576223b726f6c65557365727c733a313a2231223b6c6f676765645f696e7c623a313b, NULL),
('dcb99f8cdb5f72fabd075e3dfda9b5f601364364', '::1', 1457064078, 0x5f5f63695f6c6173745f726567656e65726174657c693a313435373036343034333b6964557365727c733a313a2233223b70686f6e657c733a393a22313233343536373839223b757365726e616d65557365727c733a393a226578706f7261646576223b726f6c65557365727c733a313a2231223b6c6f676765645f696e7c623a313b, NULL),
('fbd5676cbfa829aece291f74cf45eaacc8e197d2', '::1', 1457065664, 0x5f5f63695f6c6173745f726567656e65726174657c693a313435373036353636313b6964557365727c733a313a2233223b70686f6e657c733a393a22313233343536373839223b757365726e616d65557365727c733a393a226578706f7261646576223b726f6c65557365727c733a313a2231223b6c6f676765645f696e7c623a313b, NULL),
('a404a32180760524b207302565a371129d6c6338', '::1', 1457070241, 0x5f5f63695f6c6173745f726567656e65726174657c693a313435373036393935313b6964557365727c733a313a2233223b70686f6e657c733a393a22313233343536373839223b757365726e616d65557365727c733a393a226578706f7261646576223b726f6c65557365727c733a313a2231223b6c6f676765645f696e7c623a313b, NULL),
('8c1386bdd72e24b3ca7651ec533b25be6c130d80', '::1', 1457070679, 0x5f5f63695f6c6173745f726567656e65726174657c693a313435373037303337373b6964557365727c733a313a2233223b70686f6e657c733a393a22313233343536373839223b757365726e616d65557365727c733a393a226578706f7261646576223b726f6c65557365727c733a313a2231223b6c6f676765645f696e7c623a313b, NULL),
('d8ab26150cdddb06c3fb8b28c98387a2c489924b', '::1', 1457070723, 0x5f5f63695f6c6173745f726567656e65726174657c693a313435373037303638313b6964557365727c733a313a2233223b70686f6e657c733a393a22313233343536373839223b757365726e616d65557365727c733a393a226578706f7261646576223b726f6c65557365727c733a313a2231223b6c6f676765645f696e7c623a313b, NULL),
('fe4038b787c4fca0d8c938a283baded7e4b3a1b2', '::1', 1457071536, 0x5f5f63695f6c6173745f726567656e65726174657c693a313435373037313331383b6964557365727c733a313a2233223b70686f6e657c733a393a22313233343536373839223b757365726e616d65557365727c733a393a226578706f7261646576223b726f6c65557365727c733a313a2231223b6c6f676765645f696e7c623a313b, NULL),
('3ad5d19919dbdfbf9e780aada3e2b0adc7b718cd', '::1', 1457071735, 0x5f5f63695f6c6173745f726567656e65726174657c693a313435373037313632303b6964557365727c733a313a2233223b70686f6e657c733a393a22313233343536373839223b757365726e616d65557365727c733a393a226578706f7261646576223b726f6c65557365727c733a313a2231223b6c6f676765645f696e7c623a313b, NULL),
('c58e3814ca239b7c4aaef2df7f14c952286df915', '::1', 1457072253, 0x5f5f63695f6c6173745f726567656e65726174657c693a313435373037323132303b6964557365727c733a313a2233223b70686f6e657c733a393a22313233343536373839223b757365726e616d65557365727c733a393a226578706f7261646576223b726f6c65557365727c733a313a2231223b6c6f676765645f696e7c623a313b, NULL),
('f3d653c40fee1d8b666c5f31a654a7030a2d4f8f', '::1', 1457077167, 0x5f5f63695f6c6173745f726567656e65726174657c693a313435373037373036303b6964557365727c733a313a2233223b70686f6e657c733a393a22313233343536373839223b757365726e616d65557365727c733a393a226578706f7261646576223b726f6c65557365727c733a313a2231223b6c6f676765645f696e7c623a313b, NULL),
('9c583dd367a2f8a49792525c13bb1362a3e6137d', '::1', 1457077189, 0x5f5f63695f6c6173745f726567656e65726174657c693a313435373037373138393b, NULL),
('564e4231f93c7b31519b3a8e25db602b26fdd39b', '::1', 1457084690, 0x5f5f63695f6c6173745f726567656e65726174657c693a313435373038343437383b6964557365727c733a313a2233223b70686f6e657c733a393a22313233343536373839223b757365726e616d65557365727c733a393a226578706f7261646576223b726f6c65557365727c733a313a2231223b6c6f676765645f696e7c623a313b, NULL),
('bc322ceed887a712f67c95a6a5bd21b5ab91e93b', '::1', 1457084806, 0x5f5f63695f6c6173745f726567656e65726174657c693a313435373038343739343b6964557365727c733a313a2233223b70686f6e657c733a393a22313233343536373839223b757365726e616d65557365727c733a393a226578706f7261646576223b726f6c65557365727c733a313a2231223b6c6f676765645f696e7c623a313b, NULL),
('d0ff6a240d496d963e499254ec0c2fa17c00c76c', '::1', 1457085420, 0x5f5f63695f6c6173745f726567656e65726174657c693a313435373038353133363b6964557365727c733a313a2233223b70686f6e657c733a393a22313233343536373839223b757365726e616d65557365727c733a393a226578706f7261646576223b726f6c65557365727c733a313a2231223b6c6f676765645f696e7c623a313b, NULL),
('5dc425265d54caa76071aadc5a1fc637eaf2d17f', '::1', 1457085760, 0x5f5f63695f6c6173745f726567656e65726174657c693a313435373038353434353b6964557365727c733a313a2233223b70686f6e657c733a393a22313233343536373839223b757365726e616d65557365727c733a393a226578706f7261646576223b726f6c65557365727c733a313a2231223b6c6f676765645f696e7c623a313b, NULL),
('003cd403f9d25c69d3cd228b84f3f55bae68af91', '::1', 1457085805, 0x5f5f63695f6c6173745f726567656e65726174657c693a313435373038353736303b6964557365727c733a313a2233223b70686f6e657c733a393a22313233343536373839223b757365726e616d65557365727c733a393a226578706f7261646576223b726f6c65557365727c733a313a2231223b6c6f676765645f696e7c623a313b, NULL),
('5b0235db72d11bd6e7febe5e868a938d63f4a853', '::1', 1457094119, 0x5f5f63695f6c6173745f726567656e65726174657c693a313435373039333932353b6964557365727c733a313a2233223b70686f6e657c733a393a22313233343536373839223b757365726e616d65557365727c733a393a226578706f7261646576223b726f6c65557365727c733a313a2231223b6c6f676765645f696e7c623a313b, NULL),
('c83f153197bd34dbdba088597ce2c92c8fddedbc', '::1', 1457095960, 0x5f5f63695f6c6173745f726567656e65726174657c693a313435373039353935353b6964557365727c733a313a2233223b70686f6e657c733a393a22313233343536373839223b757365726e616d65557365727c733a393a226578706f7261646576223b726f6c65557365727c733a313a2231223b6c6f676765645f696e7c623a313b, NULL),
('587eb0822d08dfc085f61e9ced8bbc9dcc060ab2', '::1', 1457096579, 0x5f5f63695f6c6173745f726567656e65726174657c693a313435373039363331343b6964557365727c733a313a2233223b70686f6e657c733a393a22313233343536373839223b757365726e616d65557365727c733a393a226578706f7261646576223b726f6c65557365727c733a313a2231223b6c6f676765645f696e7c623a313b, NULL),
('cdfc1ef61d6af01c635f3b7bd884616a484703df', '::1', 1457097132, 0x5f5f63695f6c6173745f726567656e65726174657c693a313435373039363836393b6964557365727c733a313a2233223b70686f6e657c733a393a22313233343536373839223b757365726e616d65557365727c733a393a226578706f7261646576223b726f6c65557365727c733a313a2231223b6c6f676765645f696e7c623a313b, NULL),
('2e9d277d8ebde86e2452961f0fe3679e8de16c33', '::1', 1457097582, 0x5f5f63695f6c6173745f726567656e65726174657c693a313435373039373331333b6964557365727c733a313a2233223b70686f6e657c733a393a22313233343536373839223b757365726e616d65557365727c733a393a226578706f7261646576223b726f6c65557365727c733a313a2231223b6c6f676765645f696e7c623a313b, NULL),
('118bf68bcd4b3b8c8c126b6168fd134fe2723b5a', '::1', 1457097901, 0x5f5f63695f6c6173745f726567656e65726174657c693a313435373039373634373b6964557365727c733a313a2233223b70686f6e657c733a393a22313233343536373839223b757365726e616d65557365727c733a393a226578706f7261646576223b726f6c65557365727c733a313a2231223b6c6f676765645f696e7c623a313b, NULL),
('837c0e12955585f92f23ee7f1f8bb67d594f7fc6', '::1', 1457098173, 0x5f5f63695f6c6173745f726567656e65726174657c693a313435373039373935313b6964557365727c733a313a2233223b70686f6e657c733a393a22313233343536373839223b757365726e616d65557365727c733a393a226578706f7261646576223b726f6c65557365727c733a313a2231223b6c6f676765645f696e7c623a313b, NULL),
('dc62bdde5463fe5108b9a75d55dbfd523d2f3184', '::1', 1457098263, 0x5f5f63695f6c6173745f726567656e65726174657c693a313435373039383235373b6964557365727c733a313a2233223b70686f6e657c733a393a22313233343536373839223b757365726e616d65557365727c733a393a226578706f7261646576223b726f6c65557365727c733a313a2231223b6c6f676765645f696e7c623a313b, NULL),
('8da6514745456bd6e49d971185a2f1622d627a6f', '::1', 1457098946, 0x5f5f63695f6c6173745f726567656e65726174657c693a313435373039383934353b6964557365727c733a313a2233223b70686f6e657c733a393a22313233343536373839223b757365726e616d65557365727c733a393a226578706f7261646576223b726f6c65557365727c733a313a2231223b6c6f676765645f696e7c623a313b, NULL),
('08a5421b18f2e8f0418a3fa44ba27c593bf3c453', '::1', 1457098947, 0x5f5f63695f6c6173745f726567656e65726174657c693a313435373039383934363b6964557365727c733a313a2233223b70686f6e657c733a393a22313233343536373839223b757365726e616d65557365727c733a393a226578706f7261646576223b726f6c65557365727c733a313a2231223b6c6f676765645f696e7c623a313b, NULL),
('081522ccbdbb539688aa0c89c31ddc7c27465d66', '::1', 1457101468, 0x5f5f63695f6c6173745f726567656e65726174657c693a313435373130313338333b6964557365727c733a313a2233223b70686f6e657c733a393a22313233343536373839223b757365726e616d65557365727c733a393a226578706f7261646576223b726f6c65557365727c733a313a2231223b6c6f676765645f696e7c623a313b, NULL),
('86de7dc2184841eeea8a8e3f089dba8d2ec8e540', '::1', 1457101987, 0x5f5f63695f6c6173745f726567656e65726174657c693a313435373130313938343b6964557365727c733a313a2233223b70686f6e657c733a393a22313233343536373839223b757365726e616d65557365727c733a393a226578706f7261646576223b726f6c65557365727c733a313a2231223b6c6f676765645f696e7c623a313b, NULL),
('e0c7e320f9a51764ce999b6255aaec151d17d685', '::1', 1457333861, 0x5f5f63695f6c6173745f726567656e65726174657c693a313435373333333734343b6964557365727c733a313a2233223b70686f6e657c733a393a22313233343536373839223b757365726e616d65557365727c733a393a226578706f7261646576223b726f6c65557365727c733a313a2231223b6c6f676765645f696e7c623a313b, NULL),
('55b9e6b44ceb9f84d9ad57a3b24995a3535c046c', '::1', 1457334576, 0x5f5f63695f6c6173745f726567656e65726174657c693a313435373333343334333b6964557365727c733a313a2233223b70686f6e657c733a393a22313233343536373839223b757365726e616d65557365727c733a393a226578706f7261646576223b726f6c65557365727c733a313a2231223b6c6f676765645f696e7c623a313b, NULL),
('247da77d49fe327ddc4ea25c99e3606aa8a58cc5', '::1', 1457335711, 0x5f5f63695f6c6173745f726567656e65726174657c693a313435373333353431323b6964557365727c733a313a2233223b70686f6e657c733a393a22313233343536373839223b757365726e616d65557365727c733a393a226578706f7261646576223b726f6c65557365727c733a313a2231223b6c6f676765645f696e7c623a313b, NULL),
('b79ada4a9d00de0b3c2979cdff37b96ca053d25a', '::1', 1457336078, 0x5f5f63695f6c6173745f726567656e65726174657c693a313435373333353738333b6964557365727c733a313a2233223b70686f6e657c733a393a22313233343536373839223b757365726e616d65557365727c733a393a226578706f7261646576223b726f6c65557365727c733a313a2231223b6c6f676765645f696e7c623a313b, NULL),
('3a698cdbe88b0f6336323431243cfe2ae01b39bb', '::1', 1457336386, 0x5f5f63695f6c6173745f726567656e65726174657c693a313435373333363038373b6964557365727c733a313a2233223b70686f6e657c733a393a22313233343536373839223b757365726e616d65557365727c733a393a226578706f7261646576223b726f6c65557365727c733a313a2231223b6c6f676765645f696e7c623a313b, NULL),
('97d9ca201e2d132107be92fad26a0013a3fe5f76', '::1', 1457337026, 0x5f5f63695f6c6173745f726567656e65726174657c693a313435373333363733313b6964557365727c733a313a2233223b70686f6e657c733a393a22313233343536373839223b757365726e616d65557365727c733a393a226578706f7261646576223b726f6c65557365727c733a313a2231223b6c6f676765645f696e7c623a313b, NULL),
('6ba187b25795a1b6a3fccd51acfceaf502631183', '::1', 1457337326, 0x5f5f63695f6c6173745f726567656e65726174657c693a313435373333373033393b6964557365727c733a313a2233223b70686f6e657c733a393a22313233343536373839223b757365726e616d65557365727c733a393a226578706f7261646576223b726f6c65557365727c733a313a2231223b6c6f676765645f696e7c623a313b, NULL),
('5169e343e6c066a11d2ed022a5047d94f35b3fbb', '::1', 1457337651, 0x5f5f63695f6c6173745f726567656e65726174657c693a313435373333373337373b6964557365727c733a313a2233223b70686f6e657c733a393a22313233343536373839223b757365726e616d65557365727c733a393a226578706f7261646576223b726f6c65557365727c733a313a2231223b6c6f676765645f696e7c623a313b, NULL),
('c669d3e6216eb05b3bedc315c38e7fb80e77ab00', '::1', 1457338081, 0x5f5f63695f6c6173745f726567656e65726174657c693a313435373333373739343b6964557365727c733a313a2233223b70686f6e657c733a393a22313233343536373839223b757365726e616d65557365727c733a393a226578706f7261646576223b726f6c65557365727c733a313a2231223b6c6f676765645f696e7c623a313b, NULL),
('608a3ab761fdc4fdfe1ae3f64d49de465ba1d941', '::1', 1457338547, 0x5f5f63695f6c6173745f726567656e65726174657c693a313435373333383235343b6964557365727c733a313a2233223b70686f6e657c733a393a22313233343536373839223b757365726e616d65557365727c733a393a226578706f7261646576223b726f6c65557365727c733a313a2231223b6c6f676765645f696e7c623a313b, NULL),
('c86af6a33190373592320e4a74cb3a55b790c1f5', '::1', 1457338893, 0x5f5f63695f6c6173745f726567656e65726174657c693a313435373333383539333b6964557365727c733a313a2233223b70686f6e657c733a393a22313233343536373839223b757365726e616d65557365727c733a393a226578706f7261646576223b726f6c65557365727c733a313a2231223b6c6f676765645f696e7c623a313b, NULL),
('f31ef9f91a8a2f22628814c9135db1317f811ad4', '::1', 1457339202, 0x5f5f63695f6c6173745f726567656e65726174657c693a313435373333383932303b6964557365727c733a313a2233223b70686f6e657c733a393a22313233343536373839223b757365726e616d65557365727c733a393a226578706f7261646576223b726f6c65557365727c733a313a2231223b6c6f676765645f696e7c623a313b, NULL),
('2589218bb4def4490c5078e549ee7773a78db1bc', '::1', 1457339388, 0x5f5f63695f6c6173745f726567656e65726174657c693a313435373333393238313b6964557365727c733a313a2233223b70686f6e657c733a393a22313233343536373839223b757365726e616d65557365727c733a393a226578706f7261646576223b726f6c65557365727c733a313a2231223b6c6f676765645f696e7c623a313b, NULL),
('fea736ed7aac2d6ff331e315e3cbcdb4f6e88320', '::1', 1457339693, 0x5f5f63695f6c6173745f726567656e65726174657c693a313435373333393631303b6964557365727c733a313a2233223b70686f6e657c733a393a22313233343536373839223b757365726e616d65557365727c733a393a226578706f7261646576223b726f6c65557365727c733a313a2231223b6c6f676765645f696e7c623a313b, NULL),
('f5500f8d6741eab1a13037dc1a76572bb5ec1f3c', '::1', 1457340672, 0x5f5f63695f6c6173745f726567656e65726174657c693a313435373334303636343b6964557365727c733a313a2233223b70686f6e657c733a393a22313233343536373839223b757365726e616d65557365727c733a393a226578706f7261646576223b726f6c65557365727c733a313a2231223b6c6f676765645f696e7c623a313b, NULL),
('613401cf07cc78608a72c625d054319a85632d3b', '::1', 1457429134, 0x5f5f63695f6c6173745f726567656e65726174657c693a313435373432383834363b6964557365727c733a313a2233223b70686f6e657c733a393a22313233343536373839223b757365726e616d65557365727c733a393a226578706f7261646576223b726f6c65557365727c733a313a2231223b6c6f676765645f696e7c623a313b, NULL),
('db169f476834b1331688c1193cf5b39e7bcbb2c8', '::1', 1457429653, 0x5f5f63695f6c6173745f726567656e65726174657c693a313435373432393338363b6964557365727c733a313a2233223b70686f6e657c733a393a22313233343536373839223b757365726e616d65557365727c733a393a226578706f7261646576223b726f6c65557365727c733a313a2231223b6c6f676765645f696e7c623a313b, NULL),
('d6250e6d67538f862e4e793da8995b14454310cb', '::1', 1457429958, 0x5f5f63695f6c6173745f726567656e65726174657c693a313435373432393731333b6964557365727c733a313a2233223b70686f6e657c733a393a22313233343536373839223b757365726e616d65557365727c733a393a226578706f7261646576223b726f6c65557365727c733a313a2231223b6c6f676765645f696e7c623a313b, NULL);

-- --------------------------------------------------------

--
-- Table structure for table `user`
--

CREATE TABLE `user` (
  `idUser` int(11) NOT NULL,
  `usernameUser` varchar(16) NOT NULL,
  `nameUser` varchar(255) NOT NULL,
  `emailUser` varchar(50) NOT NULL,
  `phone` varchar(15) NOT NULL,
  `passwordUser` varchar(50) NOT NULL,
  `roleUser` int(11) NOT NULL,
  `statusUser` char(1) NOT NULL,
  `lastLogin` datetime NOT NULL,
  `created_by` varchar(16) NOT NULL,
  `created_date` datetime NOT NULL,
  `updated_by` varchar(16) NOT NULL,
  `updated_date` datetime NOT NULL
) ENGINE=InnoDB DEFAULT CHARSET=latin1;

--
-- Dumping data for table `user`
--

INSERT INTO `user` (`idUser`, `usernameUser`, `nameUser`, `emailUser`, `phone`, `passwordUser`, `roleUser`, `statusUser`, `lastLogin`, `created_by`, `created_date`, `updated_by`, `updated_date`) VALUES
(3, 'exporadev', 'Expora Developer', 'developer@exporadev.com', '123456789', 'aafb33e2a08973b99a55ccaa817837ae', 1, 'y', '2016-03-08 16:21:00', '', '2016-01-10 01:53:08', '', '0000-00-00 00:00:00'),
(4, 'zizcode', 'Aziz Melgiansyah', 'zizcode.exporadev@gmail.com', '085218078785', 'c0aab2f728ceaa0f7ac8c6c4b3cbd785', 4, 'y', '2016-01-27 20:04:24', '', '2016-01-10 01:53:08', '', '0000-00-00 00:00:00');

-- --------------------------------------------------------

--
-- Table structure for table `user_info`
--

CREATE TABLE `user_info` (
  `id_userInfo` int(11) NOT NULL,
  `idUser` int(11) NOT NULL,
  `noIdentitas` int(20) NOT NULL,
  `angkatanUser` int(10) NOT NULL,
  `jurusan` varchar(20) NOT NULL,
  `kelas` varchar(20) NOT NULL,
  `fotoUser` varchar(255) NOT NULL,
  `fotoSampul` varchar(255) NOT NULL,
  `jenisKelamin` varchar(15) NOT NULL,
  `tempatLahir` varchar(100) NOT NULL,
  `tglLahir` date NOT NULL,
  `alamat` text NOT NULL,
  `provinsi` int(11) NOT NULL,
  `kota` int(11) NOT NULL,
  `pekerjaan` varchar(50) NOT NULL,
  `aboutMe` text NOT NULL
) ENGINE=InnoDB DEFAULT CHARSET=latin1;

--
-- Dumping data for table `user_info`
--

INSERT INTO `user_info` (`id_userInfo`, `idUser`, `noIdentitas`, `angkatanUser`, `jurusan`, `kelas`, `fotoUser`, `fotoSampul`, `jenisKelamin`, `tempatLahir`, `tglLahir`, `alamat`, `provinsi`, `kota`, `pekerjaan`, `aboutMe`) VALUES
(1, 4, 0, 2006, '', '', '', '', '', '', '0000-00-00', '', 0, 0, '', ''),
(6, 8, 0, 2008, '614', '621', '', '', '', 'Bandung', '1997-02-14', '', 0, 0, '', ''),
(7, 3, 0, 0, '', '', '', '', '', '', '0000-00-00', '', 13, 219, 'Programmer', 'Web and Mobile Application Development');

--
-- Indexes for dumped tables
--

--
-- Indexes for table `catalog`
--
ALTER TABLE `catalog`
  ADD PRIMARY KEY (`idCatalog`),
  ADD UNIQUE KEY `skuCatalog` (`skuCatalog`);

--
-- Indexes for table `catalog_attributes`
--
ALTER TABLE `catalog_attributes`
  ADD PRIMARY KEY (`idCAttribute`);

--
-- Indexes for table `catalog_attributes_detail`
--
ALTER TABLE `catalog_attributes_detail`
  ADD PRIMARY KEY (`idCAttributesDetail`);

--
-- Indexes for table `catalog_category`
--
ALTER TABLE `catalog_category`
  ADD PRIMARY KEY (`idCategory`);

--
-- Indexes for table `catalog_detail_stock`
--
ALTER TABLE `catalog_detail_stock`
  ADD PRIMARY KEY (`idStock`);

--
-- Indexes for table `catalog_galeri`
--
ALTER TABLE `catalog_galeri`
  ADD PRIMARY KEY (`idCGaleri`);

--
-- Indexes for table `catalog_voucher`
--
ALTER TABLE `catalog_voucher`
  ADD PRIMARY KEY (`idCVoucher`),
  ADD UNIQUE KEY `kodeCVoucher` (`kodeCVoucher`);

--
-- Indexes for table `crontab_status`
--
ALTER TABLE `crontab_status`
  ADD PRIMARY KEY (`idCrontab`);

--
-- Indexes for table `master_data`
--
ALTER TABLE `master_data`
  ADD PRIMARY KEY (`idData`);

--
-- Indexes for table `master_menu`
--
ALTER TABLE `master_menu`
  ADD PRIMARY KEY (`idMenu`);

--
-- Indexes for table `master_menu_privilege`
--
ALTER TABLE `master_menu_privilege`
  ADD PRIMARY KEY (`idMenuPrivilege`);

--
-- Indexes for table `master_module`
--
ALTER TABLE `master_module`
  ADD PRIMARY KEY (`idModule`);

--
-- Indexes for table `master_user_role`
--
ALTER TABLE `master_user_role`
  ADD PRIMARY KEY (`idRole`);

--
-- Indexes for table `member_confirmation`
--
ALTER TABLE `member_confirmation`
  ADD PRIMARY KEY (`id`);

--
-- Indexes for table `pengaturan_attribute`
--
ALTER TABLE `pengaturan_attribute`
  ADD PRIMARY KEY (`idPAttribute`);

--
-- Indexes for table `pengaturan_attribute_detail`
--
ALTER TABLE `pengaturan_attribute_detail`
  ADD PRIMARY KEY (`idPAttributeDetail`);

--
-- Indexes for table `privilege_user`
--
ALTER TABLE `privilege_user`
  ADD PRIMARY KEY (`idPrivilege`);

--
-- Indexes for table `sessions`
--
ALTER TABLE `sessions`
  ADD KEY `ci_sessions_timestamp` (`timestamp`);

--
-- Indexes for table `user`
--
ALTER TABLE `user`
  ADD PRIMARY KEY (`idUser`);

--
-- Indexes for table `user_info`
--
ALTER TABLE `user_info`
  ADD PRIMARY KEY (`id_userInfo`);

--
-- AUTO_INCREMENT for dumped tables
--

--
-- AUTO_INCREMENT for table `catalog`
--
ALTER TABLE `catalog`
  MODIFY `idCatalog` int(11) NOT NULL AUTO_INCREMENT, AUTO_INCREMENT=2;
--
-- AUTO_INCREMENT for table `catalog_attributes`
--
ALTER TABLE `catalog_attributes`
  MODIFY `idCAttribute` int(11) NOT NULL AUTO_INCREMENT, AUTO_INCREMENT=7;
--
-- AUTO_INCREMENT for table `catalog_attributes_detail`
--
ALTER TABLE `catalog_attributes_detail`
  MODIFY `idCAttributesDetail` int(11) NOT NULL AUTO_INCREMENT, AUTO_INCREMENT=19;
--
-- AUTO_INCREMENT for table `catalog_category`
--
ALTER TABLE `catalog_category`
  MODIFY `idCategory` int(11) NOT NULL AUTO_INCREMENT, AUTO_INCREMENT=3;
--
-- AUTO_INCREMENT for table `catalog_detail_stock`
--
ALTER TABLE `catalog_detail_stock`
  MODIFY `idStock` int(11) NOT NULL AUTO_INCREMENT, AUTO_INCREMENT=4;
--
-- AUTO_INCREMENT for table `catalog_galeri`
--
ALTER TABLE `catalog_galeri`
  MODIFY `idCGaleri` int(11) NOT NULL AUTO_INCREMENT, AUTO_INCREMENT=2;
--
-- AUTO_INCREMENT for table `catalog_voucher`
--
ALTER TABLE `catalog_voucher`
  MODIFY `idCVoucher` int(11) NOT NULL AUTO_INCREMENT;
--
-- AUTO_INCREMENT for table `crontab_status`
--
ALTER TABLE `crontab_status`
  MODIFY `idCrontab` int(11) NOT NULL AUTO_INCREMENT;
--
-- AUTO_INCREMENT for table `master_data`
--
ALTER TABLE `master_data`
  MODIFY `idData` int(11) NOT NULL AUTO_INCREMENT, AUTO_INCREMENT=629;
--
-- AUTO_INCREMENT for table `master_menu`
--
ALTER TABLE `master_menu`
  MODIFY `idMenu` int(11) NOT NULL AUTO_INCREMENT, AUTO_INCREMENT=35;
--
-- AUTO_INCREMENT for table `master_menu_privilege`
--
ALTER TABLE `master_menu_privilege`
  MODIFY `idMenuPrivilege` int(11) NOT NULL AUTO_INCREMENT, AUTO_INCREMENT=10;
--
-- AUTO_INCREMENT for table `master_module`
--
ALTER TABLE `master_module`
  MODIFY `idModule` int(11) NOT NULL AUTO_INCREMENT, AUTO_INCREMENT=6;
--
-- AUTO_INCREMENT for table `master_user_role`
--
ALTER TABLE `master_user_role`
  MODIFY `idRole` int(11) NOT NULL AUTO_INCREMENT, AUTO_INCREMENT=5;
--
-- AUTO_INCREMENT for table `member_confirmation`
--
ALTER TABLE `member_confirmation`
  MODIFY `id` int(11) NOT NULL AUTO_INCREMENT, AUTO_INCREMENT=7;
--
-- AUTO_INCREMENT for table `pengaturan_attribute`
--
ALTER TABLE `pengaturan_attribute`
  MODIFY `idPAttribute` int(11) NOT NULL AUTO_INCREMENT, AUTO_INCREMENT=3;
--
-- AUTO_INCREMENT for table `pengaturan_attribute_detail`
--
ALTER TABLE `pengaturan_attribute_detail`
  MODIFY `idPAttributeDetail` int(11) NOT NULL AUTO_INCREMENT, AUTO_INCREMENT=5;
--
-- AUTO_INCREMENT for table `privilege_user`
--
ALTER TABLE `privilege_user`
  MODIFY `idPrivilege` int(11) NOT NULL AUTO_INCREMENT;
--
-- AUTO_INCREMENT for table `user`
--
ALTER TABLE `user`
  MODIFY `idUser` int(11) NOT NULL AUTO_INCREMENT, AUTO_INCREMENT=5;
--
-- AUTO_INCREMENT for table `user_info`
--
ALTER TABLE `user_info`
  MODIFY `id_userInfo` int(11) NOT NULL AUTO_INCREMENT, AUTO_INCREMENT=8;
/*!40101 SET CHARACTER_SET_CLIENT=@OLD_CHARACTER_SET_CLIENT */;
/*!40101 SET CHARACTER_SET_RESULTS=@OLD_CHARACTER_SET_RESULTS */;
/*!40101 SET COLLATION_CONNECTION=@OLD_COLLATION_CONNECTION */;
